SKU,HTS,Customs Description
3000000711,4202924500,Travel Cases
2000000185,4819200040,Paper Boxes
2000000281,8309900000,Metal Closures
2000000381,3926909988,Plastic Goods
2000000760,4901990050,Printed Books
2000000869,4819200040,Paper Boxes
2000000870,4819200040,Paper Boxes
2000002004,4821101000,Paper Labels
2500000096,3304995000,Skin Care
2500000097,3304995000,Skin Care
2500000129,3304995000,Skin Care
2500000144,3304995000,Skin Care
2500000145,3304995000,Skin Care
2500000146,3304995000,Skin Care
2500000147,3304995000,Skin Care
2500000148,3304995000,Skin Care
2500000149,3304995000,Skin Care
2500000150,3304995000,Skin Care
2500000151,3304995000,Skin Care
2500000152,3304995000,Skin Care
2500000153,3304995000,Skin Care
2500000170,3304995000,Skin Care
2500000171,3304995000,Skin Care
2500000172,3304995000,Skin Care
2500000174,3304995000,Skin Care
2500000175,3304995000,Skin Care
2500000176,3304995000,Skin Care
2500000177,3304995000,Skin Care
2500000203,3304995000,Skin Care
2500000204,3304995000,Skin Care
2500000205,3304995000,Skin Care
2500000206,3304995000,Skin Care
2500000207,3304995000,Skin Care
2500000208,3304995000,Skin Care
2500000209,3304995000,Skin Care
2500000210,3304995000,Skin Care
2500000212,3304995000,Skin Care
2500000219,3304995000,Skin Care
2500000221,3304995000,Skin Care
2500000223,3304995000,Skin Care
2500000224,3304995000,Skin Care
2500000228,3304995000,Skin Care
2500000229,3304995000,Skin Care
2500000231,3304995000,Skin Care
2500000233,3304995000,Skin Care
2500000236,3304995000,Skin Care
2500000238,3304995000,Skin Care
2500000241,3304995000,Skin Care
2500000248,3304995000,Skin Care
2500000249,3304995000,Skin Care
2500000285,3304995000,Skin Care
2500000286,3304995000,Skin Care
2500000292,3304995000,Skin Care
2500000311,3304995000,Skin Care
2500000312,3304995000,Skin Care
2500000313,3304995000,Skin Care
2500000314,3304995000,Skin Care
2500000315,3304995000,Skin Care
2500000440,3304995000,Skin Care
2500000441,3304995000,Skin Care
2500000442,3304995000,Skin Care
2500000443,3304995000,Skin Care
2500000444,3304995000,Skin Care
2500000445,3304995000,Skin Care
2500000446,3304995000,Skin Care
2500000447,3304995000,Skin Care
2500000448,3304995000,Skin Care
2500000449,3304995000,Skin Care
2500000450,3304995000,Skin Care
2500000451,3304995000,Skin Care
2500000452,3304995000,Skin Care
2500000453,3304995000,Skin Care
2500000456,3304995000,Skin Care
2500000457,3304995000,Skin Care
2500000458,3304995000,Skin Care
2500000459,3304995000,Skin Care
2500000460,3304995000,Skin Care
2500000461,3304995000,Skin Care
2500000462,3304995000,Skin Care
2500000490,3304995000,Skin Care
3000000006,9603298010,Beauty Brushes
3000000015,4202924500,Travel Cases
3000000016,4202920000,Travel Cases
3000000018,9603298010,Beauty Brushes
3000000027,4202923131,Travel Cases
3000000038,9615196000,Hair Accessories
3000000040,9615900000,Hair Accessories
3000000062,6303931000,Curtains Drapes
3000000070,6302217010,Bed Linen
3000000073,3926909790,Plastic Goods
3000000075,6302221010,Bed Linen
3000000087,3923900000,Plastic Packaging
3000000094,4202120000,Travel Cases
3000000127,7615109100,Aluminum Utensils
3000000129,9603290000,Beauty Brushes
3000000142,9019102000,Massage Units
3000000143,9019102020,Massage Units
3000000148,3926900000,Plastic Goods
3000000177,4202190000,Travel Cases
3000000193,8516320020,Hair Tools
3000000218,4202924500,Travel Cases
3000000225,9615194000,Hair Accessories
3000000229,6214300000,Shawls Scarves
3000000243,3926900000,Plastic Goods
3000000250,9603290000,Beauty Brushes
3000000290,9615900000,Hair Accessories
3000000311,9615190000,Hair Accessories
3000000315,8516320000,Hair Tools
3000000316,8516320000,Hair Tools
3000000325,8516320000,Hair Tools
3000000328,8516320000,Hair Tools
3000000331,8516310000,Hair Tools
3000000334,8418910048,Fridge Parts
3000000338,8516320020,Hair Tools
3000000343,9603290000,Beauty Brushes
3000000351,3924905650,Plastic Houseware
3000000352,9615111000,Hair Accessories
3000000353,9506910030,Fitness Goods
3000000354,9019102000,Massage Units
3000000359,9603900000,Beauty Brushes
3000000322,4202923131,Travel Cases
3000000823,4202920000,Travel Cases
3000000361,7009920000,Glass Mirrors
3000000392,4202921500,Travel Cases
3000000396,4202921500,Travel Cases
3000000444,3924102000,Plastic Houseware
3000000446,6506910000,Hats Headgear
3000000447,8509809090,Electric Tools
3000000448,8509400020,Electric Tools
3000000464,8516320040,Hair Tools
3000000465,8616320040,Hair Tools
3000000466,8516320040,Hair Tools
3000000496,3926902100,Plastic Goods
3000000513,3924100094,Plastic Houseware
3000000515,7009921090,Glass Mirrors
3000000516,9019102050,Massage Units
3000000517,6505009030,Hats Headgear
3000000518,9603909000,Beauty Brushes
3000000519,8509400020,Electric Tools
3000000520,9615190020,Hair Accessories
3000000521,9615904000,Hair Accessories
3000000522,9615906000,Hair Accessories
3000000523,9615906000,Hair Accessories
3000000524,9019100020,Massage Units
3000000528,6307909891,Textile Goods
3000000542,4202924500,Travel Cases
3000000544,6307908995,Textile Goods
3000000551,4819200040,Paper Boxes
3000000554,6802990000,Stone Articles
3000000555,4202923131,Travel Cases
3000000556,9615906000,Hair Accessories
3000000557,6307908995,Textile Goods
3000000578,4202929700,Travel Cases
3000000632,8516321000,Hair Tools
3000000633,8516321000,Hair Tools
3000000634,8424890000,Spraying Appliances
3000000635,8516321000,Hair Tools
3000000648,8424890000,Spraying Appliances
3000000649,8516329000,Hair Tools
3000000662,7009920000,Glass Mirrors
3000000663,9019100020,Massage Units
3000000665,4202110000,Travel Cases
3000000666,6302930000,Bed Linen
3000000667,9603300000,Beauty Brushes
3000000683,9603290000,Beauty Brushes
3000000688,4202110000,Travel Cases
3000000715,4202921000,Travel Cases
3000000742,8214200000,Manicure Sets
3000000743,8214200000,Manicure Sets
3000000822,9616200000,Scent Sprays
3000000833,9603306000,Beauty Brushes
3000000834,4821100000,Paper Labels
3000000855,9603293000,Beauty Brushes
3000000872,9603294010,Beauty Brushes
3000000900,9603293000,Beauty Brushes
4000000031,4901100000,Printed Books
4000000063,4820300000,Paper Notebooks
4000000095,4820100000,Paper Notebooks
4000000139,490290,Printed Journals
4000000164,4902900000,Printed Journals
4000000175,4901100000,Printed Books
4000000553,4909000000,Printed Cards
4000000574,4909000000,Printed Cards
4000000825,4820100000,Paper Notebooks
4000000836,4820100000,Paper Notebooks
4000000839,4820100000,Paper Notebooks
4000000858,4820100000,Paper Notebooks
4000000862,4820100000,Paper Notebooks
5000000036,4819200040,Paper Boxes
5000000109,4819200040,Paper Boxes
5000000111,4819200040,Paper Boxes
5000000116,4819200040,Paper Boxes
5000000117,4819200040,Paper Boxes
5000000119,4819200040,Paper Boxes
5000000129,7326190000,Iron Articles
5000000140,4821904000,Paper Labels
5000000151,4819200040,Paper Boxes
5000000154,4819200040,Paper Boxes
5000000155,4821902000,Paper Labels
5000000175,4811909000,Paper Sheets
5000000194,3926900000,Plastic Goods
5000000195,4821902000,Paper Labels
5000000202,6307909889,Textile Goods
5000000215,4819200040,Paper Boxes
5000000256,4819200040,Paper Boxes
5000000257,3923290000,Plastic Packaging
5000000258,3005105000,Medical Bandages
5000000259,3401115000,Soap Products
5000000452,4821902000,Paper Labels
5000000660,4811900011,Paper Sheets
5000000682,4811909000,Paper Sheets
5000000683,4811909000,Paper Sheets
5000000684,4811909000,Paper Sheets
5000000685,4811909000,Paper Sheets
5000000686,4811909000,Paper Sheets
5000000757,6505008600,Hats Headgear
5000000803,6307909200,Textile Goods
5000000845,8471300000,Computing Machines
5000001025,3923900000,Plastic Packaging
5000001129,6110209100,Knitted Apparel
5000001223,9403700000,Furniture Items
5000001230,6302910000,Bed Linen
5000001243,4820100000,Paper Notebooks
5000001244,4820100000,Paper Notebooks
6000000000,3305900000,Hair Care
6000000001,3305900000,Hair Care
6000000002,3305900000,Hair Care
6000000003,3305900000,Hair Care
6000000004,3305900000,Hair Care
6000000005,3305100000,Hair Care
6000000006,3305900000,Hair Care
6000000007,3305100000,Hair Care
6000000008,3305100000,Hair Care
6000000009,3305900000,Hair Care
6000000010,3305900000,Hair Care
6000000011,3305100000,Hair Care
6000000012,3305900000,Hair Care
6000000013,3305900000,Hair Care
6000000015,3305100000,Hair Care
6000000016,3305300000,Hair Care
6000000017,3305300000,Hair Care
6000000018,3305100000,Hair Care
6000000019,3305900000,Hair Care
6000000020,3305900000,Hair Care
6000000021,3305900000,Hair Care
6000000023,3305100000,Hair Care
6000000024,3305900000,Hair Care
6000000025,3401301000,Soap Products
6000000026,3304995000,Skin Care
6000000029,3305900000,Hair Care
6000000030,3305900000,Hair Care
6000000031,3305900000,Hair Care
6000000032,3305900000,Hair Care
6000000033,3305900000,Hair Care
6000000034,3305900000,Hair Care
6000000035,3305900000,Hair Care
6000000036,3305900000,Hair Care
6000000037,3305900000,Hair Care
6000000038,3305900000,Hair Care
6000000039,3305900000,Hair Care
6000000040,3305100000,Hair Care
6000000041,3305900000,Hair Care
6000000042,3305100000,Hair Care
6000000043,3305900000,Hair Care
6000000044,3305900000,Hair Care
6000000045,3305900000,Hair Care
6000000046,3305900000,Hair Care
6000000047,3305900000,Hair Care
6000000048,3305100000,Hair Care
6000000049,3305900000,Hair Care
6000000050,3305900000,Hair Care
6000000051,3305100000,Hair Care
6000000052,3305100000,Hair Care
6000000053,3305900000,Hair Care
6000000056,3304990000,Skin Care
6000000057,3304990000,Skin Care
6000000058,3401115000,Soap Products
6000000069,3305100000,Hair Care
6000000071,3305100000,Hair Care
6000000073,3305100000,Hair Care
6000000074,3305900000,Hair Care
6000000076,3305900000,Hair Care
6000000077,3305100000,Hair Care
6000000097,3305900000,Hair Care
6000000098,3305900000,Hair Care
6000000099,3305900000,Hair Care
6000000100,3305900000,Hair Care
6000000111,3305100000,Hair Care
6000000114,3305900000,Hair Care
6000000118,3305900000,Hair Care
6000000123,3305900000,Hair Care
6000000128,3305100000,Hair Care
6000000131,3305900000,Hair Care
6000000133,3305900000,Hair Care
6000000134,3305900000,Hair Care
6000000136,3307100000,Personal Toiletries
6000000137,3307100000,Personal Toiletries
6000000138,3305900000,Hair Care
6000000139,3305900000,Hair Care
6000000141,3305900000,Hair Care
6000000143,3305900000,Hair Care
6000000144,3305900000,Hair Care
6000000145,3305900000,Hair Care
6000000146,3305900000,Hair Care
6000000148,3305900000,Hair Care
6000000151,3305900000,Hair Care
6000000152,3305900000,Hair Care
6000000153,3305100000,Hair Care
6000000155,3305900000,Hair Care
6000000157,3305100000,Hair Care
6000000158,3305900000,Hair Care
6000000161,3305900000,Hair Care
6000000163,3305900000,Hair Care
6000000164,3305100000,Hair Care
6000000167,3305900000,Hair Care
6000000169,3305900000,Hair Care
6000000171,3305900000,Hair Care
6000000172,3305900000,Hair Care
6000000174,3305900000,Hair Care
6000000175,3305900000,Hair Care
6000000177,3305100000,Hair Care
6000000178,3305100000,Hair Care
6000000180,3305900000,Hair Care
6000000181,3305900000,Hair Care
6000000183,3305100000,Hair Care
6000000184,3305100000,Hair Care
6000000186,3305900000,Hair Care
6000000187,3305900000,Hair Care
6000000189,3305100000,Hair Care
6000000190,3305100000,Hair Care
6000000192,3305900000,Hair Care
6000000193,3305900000,Hair Care
6000000198,3305100000,Hair Care
6000000199,3305900000,Hair Care
6000000200,3305900000,Hair Care
6000000201,3305100000,Hair Care
6000000202,3305900000,Hair Care
6000000204,3305900000,Hair Care
6000000205,3305100000,Hair Care
6000000206,3305900000,Hair Care
6000000209,3305300000,Hair Care
6000000211,3305300000,Hair Care
6000000212,3305900000,Hair Care
6000000214,3305900000,Hair Care
6000000215,3305900000,Hair Care
6000000216,3305900000,Hair Care
6000000217,3305100000,Hair Care
6000000218,3305100000,Hair Care
6000000221,3305900000,Hair Care
6000000222,3305900000,Hair Care
6000000223,3305100000,Hair Care
6000000224,3305900000,Hair Care
6000000225,3305900000,Hair Care
6000000226,3305100000,Hair Care
6000000227,3305900000,Hair Care
6000000228,3305100000,Hair Care
6000000229,3305900000,Hair Care
6000000231,3305900000,Hair Care
6000000232,3305900000,Hair Care
6000000233,3305100000,Hair Care
6000000234,3305900000,Hair Care
6000000235,3305900000,Hair Care
6000000236,3305100000,Hair Care
6000000238,3305900000,Hair Care
6000000240,3305300000,Hair Care
6000000241,3305300000,Hair Care
6000000242,3305100000,Hair Care
6000000243,3305100000,Hair Care
6000000244,3305900000,Hair Care
6000000245,3305900000,Hair Care
6000000246,3305900000,Hair Care
6000000247,3305900000,Hair Care
6000000248,3305900000,Hair Care
6000000249,3305900000,Hair Care
6000000250,3305100000,Hair Care
6000000251,3305100000,Hair Care
6000000252,3305900000,Hair Care
6000000253,3305900000,Hair Care
6000000254,3305900000,Hair Care
6000000255,3305900000,Hair Care
6000000256,3304991000,Skin Care
6000000257,3305900000,Hair Care
6000000258,3305900000,Hair Care
6000000259,3305900000,Hair Care
6000000260,3305900000,Hair Care
6000000261,3305900000,Hair Care
6000000262,3305900000,Hair Care
6000000263,3305900000,Hair Care
6000000264,3305900000,Hair Care
6000000266,3305900000,Hair Care
6000000267,3305900000,Hair Care
6000000268,3305900000,Hair Care
6000000269,3305900000,Hair Care
6000000270,3305100000,Hair Care
6000000271,3305100000,Hair Care
6000000273,3305900000,Hair Care
6000000275,3304900000,Skin Care
6000000277,3305900000,Hair Care
6000000308,3305100000,Hair Care
6000000309,3305100000,Hair Care
6000000312,3305900000,Hair Care
6000000316,3305100000,Hair Care
6000000400,3305100000,Hair Care
6000000401,3307900000,Personal Toiletries
6000000402,3307900000,Personal Toiletries
6000000418,3305300000,Hair Care
6000000419,3305900000,Hair Care
6000000423,3305300000,Hair Care
6000000424,3305900000,Hair Care
6000000445,3303003000,Perfume Products
6000000463,3305100000,Hair Care
6000000475,3305900000,Hair Care
6000000479,3305900000,Hair Care
6000000480,3305900000,Hair Care
6000000482,3305300000,Hair Care
6000000483,3305300000,Hair Care
6000000495,3305100000,Hair Care
6000000496,3305900000,Hair Care
6000000505,3304991000,Skin Care
6000000506,3304995000,Skin Care
6000000507,3304995000,Skin Care
6000000508,3304991000,Skin Care
6000000509,3304995000,Skin Care
6000000510,3304995000,Skin Care
6000000511,3304995000,Skin Care
6000000512,3304995000,Skin Care
6000000513,3304995000,Skin Care
6000000514,3304995000,Skin Care
6000000515,3304995000,Skin Care
6000000516,3304995000,Skin Care
6000000525,3305900000,Hair Care
6000000527,3305100000,Hair Care
6000000528,3305900000,Hair Care
6000000535,3305100000,Hair Care
6000000538,3305100000,Hair Care
6000000539,3305900000,Hair Care
6000000547,3305300000,Hair Care
6000000548,3305100000,Hair Care
6000000550,3305900000,Hair Care
6000000551,3305100000,Hair Care
6000000552,3305100000,Hair Care
6000000553,3307100000,Personal Toiletries
6000000554,3307900000,Personal Toiletries
6000000558,3305900000,Hair Care
6000000559,3305100000,Hair Care
6000000566,3305900000,Hair Care
6000000567,3305100000,Hair Care
6000000568,3305100000,Hair Care
6000000569,3305100000,Hair Care
6000000572,3305100000,Hair Care
6000000581,3305100000,Hair Care
6000000582,3305900000,Hair Care
6000000583,3305900000,Hair Care
6000000584,3305900000,Hair Care
6000000585,3305900000,Hair Care
6000000586,3305900000,Hair Care
6000000587,3305100000,Hair Care
6000000588,3305900000,Hair Care
6000000589,3305900000,Hair Care
6000000590,3305100000,Hair Care
6000000591,3305100000,Hair Care
6000000592,3305900000,Hair Care
6000000593,3305900000,Hair Care
6000000594,3305100000,Hair Care
6000000595,3305900000,Hair Care
6000000596,3305900000,Hair Care
6000000597,3305100000,Hair Care
6000000598,3305300000,Hair Care
6000000600,3305900000,Hair Care
6000000605,3304995000,Skin Care
6000000606,3304995000,Skin Care
6000000616,3305900000,Hair Care
6000000618,3304995000,Skin Care
6000000624,3304995000,Skin Care
6000000625,3304995000,Skin Care
6000000626,3304995000,Skin Care
6000000627,3304995000,Skin Care
6000000628,3304995000,Skin Care
6000000629,3304995000,Skin Care
6000000630,3304991000,Skin Care
6000000631,3304995000,Skin Care
6000000632,3304995000,Skin Care
6000000633,3304995000,Skin Care
6000000634,3304995000,Skin Care
6000000635,3304995000,Skin Care
6000000636,3304995000,Skin Care
6000000637,3304995000,Skin Care
6000000638,3304995000,Skin Care
6000000639,3304995000,Skin Care
6000000640,3304995000,Skin Care
6000000641,3304995000,Skin Care
6000000674,3305900000,Hair Care
6000000682,4911100080,Printed Matter
6000000684,4911100080,Printed Matter
6000000690,3305300000,Hair Care
6000000691,3305900000,Hair Care
6000000692,3305100000,Hair Care
6000000693,3305100000,Hair Care
6000000694,3305900000,Hair Care
6000000696,3305900000,Hair Care
6000000697,3305900000,Hair Care
6000000698,3305900000,Hair Care
6000000783,3305900000,Hair Care
6000000826,3305900000,Hair Care
6000000827,3305900000,Hair Care
6000000829,3305300000,Hair Care
6000000830,3305900000,Hair Care
6000000831,3305900000,Hair Care
6000000832,3305100000,Hair Care
6000000833,3305900000,Hair Care
6000000834,3305900000,Hair Care
6000000835,3305900000,Hair Care
6000000860,3304991000,Skin Care
6000000861,3305300000,Hair Care
6000000862,3305900000,Hair Care
6000000864,3923500000,Plastic Packaging
6000000869,3304995000,Skin Care
6000000870,3304995000,Skin Care
6000000871,3304995000,Skin Care
6000000872,3304995000,Skin Care
6000000873,3304995000,Skin Care
6000000874,3304995000,Skin Care
6000000875,3304995000,Skin Care
6000000904,3305900000,Hair Care
6000000926,3304995000,Skin Care
6000000927,3304995000,Skin Care
6000000928,3304995000,Skin Care
6000000929,3304995000,Skin Care
6000000930,3304995000,Skin Care
6000000931,3304991000,Skin Care
6000000932,3304995000,Skin Care
6000000933,3304995000,Skin Care
6000000934,3304995000,Skin Care
6000000935,3304995000,Skin Care
6000000936,3304995000,Skin Care
6000000937,3304995000,Skin Care
6000000941,3304995000,Skin Care
6000000974,3305900000,Hair Care
6000000975,3304995000,Skin Care
6000000978,3305100000,Hair Care
6000000979,3305100000,Hair Care
6000000980,3305900000,Hair Care
6000000981,3305900000,Hair Care
6000000985,3305900000,Hair Care
6000000993,3305900000,Hair Care
6000000996,3304995000,Skin Care
6000000997,3304995000,Skin Care
6000000998,3304995000,Skin Care
6000000999,3307100000,Personal Toiletries
6000001000,3307100000,Personal Toiletries
6000001002,3304991000,Skin Care
6000001005,3304991000,Skin Care
6000001007,3305900000,Hair Care
6000001029,3401305000,Soap Products
6000001030,3305100000,Hair Care
6000001031,3305900000,Hair Care
6000001032,3305900000,Hair Care
6000001034,3305900000,Hair Care
6000001036,3304991000,Skin Care
6000001037,3304991000,Skin Care
6000001038,3307100000,Personal Toiletries
6000001039,3304995000,Skin Care
6000001040,3304995000,Skin Care
6000001041,3305900000,Hair Care
6000001045,6302221010,Bed Linen
6000001048,3305300000,Hair Care
6000001053,3305100000,Hair Care
6000001054,3305100000,Hair Care
6000001055,3305900000,Hair Care
6000001056,3305900000,Hair Care
6000001057,3305900000,Hair Care
6000001058,3504005000,Protein Products
6000001059,2106907200,Food Preparation
6000001060,3305900000,Hair Care
6000001062,3304995000,Skin Care
6000001064,3305300000,Hair Care
6000001072,3305100000,Hair Care
6000001074,3305900000,Hair Care
6000001075,3305900000,Hair Care
6000001078,3305100000,Hair Care
6000001079,3305100000,Hair Care
6000001081,3303003000,Perfume Products
6000001082,3305100000,Hair Care
6000001083,3305900000,Hair Care
6000001084,3304995000,Skin Care
6000001085,3304995000,Skin Care
6000001086,3304995000,Skin Care
6000001106,3305900000,Hair Care
6000001107,3305900000,Hair Care
6000001108,3305100000,Hair Care
6000001109,3305900000,Hair Care
6000001110,3305100000,Hair Care
6000001111,3305900000,Hair Care
6000001112,3305300000,Hair Care
6000001113,3304995000,Skin Care
6000001115,3304995000,Skin Care
6000001116,3305900000,Hair Care
6000001117,3305100000,Hair Care
6000001118,3305100000,Hair Care
6000001119,3304995000,Skin Care
6000001121,3304995000,Skin Care
6000001122,3307100000,Personal Toiletries
6000001123,3304995000,Skin Care
6000001124,3304995000,Skin Care
6000001125,3304995000,Skin Care
6000001126,3304995000,Skin Care
6000001135,3305300000,Hair Care
6000001147,3304995000,Skin Care
6000001149,3304995000,Skin Care
6000001150,3304995000,Skin Care
6000001151,3304995000,Skin Care
6000001153,3304100000,Skin Care
6000001155,3305100000,Hair Care
6000001156,3305100000,Hair Care
6000001162,3304991000,Skin Care
6000001163,3304995000,Skin Care
6000001164,3304995000,Skin Care
6000001179,3304991000,Skin Care
6000001197,3305900000,Hair Care
6000001200,3304991000,Skin Care
6000001201,3305900000,Hair Care
6000001203,3305100000,Hair Care
6000001204,3305100000,Hair Care
6000001209,3303003000,Perfume Products
6000001210,3304995000,Skin Care
6000001211,3304995000,Skin Care
6000001212,3304995000,Skin Care
6000001213,3304995000,Skin Care
6000001214,3304995000,Skin Care
6000001215,3304995000,Skin Care
6000001216,3304995000,Skin Care
6000001217,3304995000,Skin Care
6000001218,3304995000,Skin Care
6000001219,3304995000,Skin Care
6000001220,3304995000,Skin Care
6000001221,3304995000,Skin Care
6000001248,3304995000,Skin Care
6000001264,3304995000,Skin Care
6000001276,3305900000,Hair Care
6000001286,3304991000,Skin Care
6000001296,3304995000,Skin Care
6000001305,3305300000,Hair Care
6000001306,3305900000,Hair Care
6000001307,3305300000,Hair Care
6000001310,3304995000,Skin Care
6000001311,3304995000,Skin Care
6000001317,3304995000,Skin Care
6000001320,3305300000,Hair Care
6000001321,3305300000,Hair Care
6000001336,3305900000,Hair Care
6000001337,3305900000,Hair Care
6000001338,3305300000,Hair Care
6000001339,3305300000,Hair Care
6000001349,3304995000,Skin Care
6000001369,3305100000,Hair Care
6000001370,3304995000,Skin Care
6000001372,3305900000,Hair Care
6000001373,3305900000,Hair Care
6000001374,3305900000,Hair Care
6000001385,3304995000,Skin Care
6000001400,3304995000,Skin Care
6000001401,3304995000,Skin Care
6000001403,3304995000,Skin Care
6000001404,3304995000,Skin Care
6000001405,3304995000,Skin Care
6000001414,3305100000,Hair Care
6000001417,3305900000,Hair Care
6000001429,3304995000,Skin Care
6000001457,3304995000,Skin Care
6000001458,3304995000,Skin Care
6000001462,3305900000,Hair Care
6000001463,3305900000,Hair Care
6000001469,3304995000,Skin Care
6000001476,3304995000,Skin Care
6000001478,3304995000,Skin Care
6000001480,3305100000,Hair Care
6000001481,3305100000,Hair Care
6000001488,3304995000,Skin Care
6000001492,3305300000,Hair Care
6000001493,3305300000,Hair Care
6000001494,3305900000,Hair Care
6000001496,3305900000,Hair Care
6000001499,3304995000,Skin Care
6000001501,3305900000,Hair Care
6000001502,3305900000,Hair Care
6000001504,3304995000,Skin Care
6000001505,3304995000,Skin Care
6000001515,3305900000,Hair Care
6000001516,3304995000,Skin Care
6000001529,3304995000,Skin Care
6000001535,3305100000,Hair Care
6000001536,3305100000,Hair Care
6000001537,3305100000,Hair Care
6000001538,3305100000,Hair Care
6000001539,3305100000,Hair Care
6000001540,3305100000,Hair Care
6000001541,3305100000,Hair Care
6000001545,3305300000,Hair Care
6000001547,3305900000,Hair Care
6000001561,3304995000,Skin Care
6000001564,3305100000,Hair Care
6000001565,3305100000,Hair Care
6000001576,3305900000,Hair Care
6000001577,3305900000,Hair Care
6000001578,3305900000,Hair Care
6000001579,3305900000,Hair Care
6000001580,3304995000,Skin Care
6000001592,3304995000,Skin Care
6000001593,3304995000,Skin Care
6000001598,3305100000,Hair Care
6000001599,3305100000,Hair Care
6000001600,3305100000,Hair Care
6000001601,3305100000,Hair Care
6000001602,3305100000,Hair Care
6000001603,3305900000,Hair Care
6000001605,3305900000,Hair Care
6000001610,3305100000,Hair Care
6000001611,3305100000,Hair Care
6000001612,3304995000,Skin Care
6000001620,3304995000,Skin Care
6000001621,3304995000,Skin Care
6000001622,3304995000,Skin Care
6000001631,3305300000,Hair Care
6000001637,3304995000,Skin Care
6000001638,3305900000,Hair Care
6000001639,3305900000,Hair Care
6000001640,3305900000,Hair Care
6000001641,3305900000,Hair Care
6000001642,3305900000,Hair Care
6000001643,3305900000,Hair Care
6000001644,3305900000,Hair Care
6000001645,3305900000,Hair Care
6000001646,3305900000,Hair Care
6000001648,3304995000,Skin Care
6000001649,3304995000,Skin Care
6000001650,3304995000,Skin Care
6000001651,3304995000,Skin Care
6000001652,3304995000,Skin Care
6000001653,3304995000,Skin Care
6000001654,3304995000,Skin Care
6000001655,3304995000,Skin Care
6000001656,3304995000,Skin Care
6000001657,3304995000,Skin Care
6000001658,3304995000,Skin Care
6000001659,3305900000,Hair Care
6000001660,3305100000,Hair Care
6000001661,3305100000,Hair Care
6000001662,3305100000,Hair Care
6000001663,3305100000,Hair Care
6000001664,3305100000,Hair Care
6000001665,3305100000,Hair Care
6000001666,3305100000,Hair Care
6000001667,3305100000,Hair Care
6000001668,3305100000,Hair Care
6000001669,3305100000,Hair Care
6000001670,3305100000,Hair Care
6000001671,3305100000,Hair Care
6000001672,3305100000,Hair Care
6000001673,3305100000,Hair Care
6000001674,3305100000,Hair Care
6000001675,3305100000,Hair Care
6000001676,3305100000,Hair Care
6000001679,3305100000,Hair Care
6000001680,3305100000,Hair Care
6000001682,3305100000,Hair Care
6000001683,3305900000,Hair Care
6000001706,3304995000,Skin Care
6000001707,3304995000,Skin Care
6000001708,3304995000,Skin Care
6000001709,3304995000,Skin Care
6000001728,3305100000,Hair Care
6000001729,3305100000,Hair Care
6000001730,3305100000,Hair Care
6000001731,3305100000,Hair Care
6000001732,3305100000,Hair Care
6000001733,3305100000,Hair Care
6000001742,3304995000,Skin Care
6000001743,3304995000,Skin Care
6000001744,3304995000,Skin Care
6000001745,3304995000,Skin Care
6000001746,3304995000,Skin Care
6000001747,3304995000,Skin Care
6000001748,3304995000,Skin Care
6000001749,3304995000,Skin Care
6000001750,3305100000,Hair Care
6000001751,3305900000,Hair Care
6000001754,3304995000,Skin Care
6000001761,3305100000,Hair Care
6000001762,3305900000,Hair Care
6000001763,3305900000,Hair Care
6000001764,3305900000,Hair Care
6000001765,3305900000,Hair Care
6000001766,3305900000,Hair Care
6000001767,3305900000,Hair Care
6000001785,3304995000,Skin Care
6000001786,3304995000,Skin Care
6000001787,3304995000,Skin Care
6000001788,3304995000,Skin Care
6000001789,3305900000,Hair Care
6000001790,3305900000,Hair Care
6000001791,3305900000,Hair Care
6000001792,3305900000,Hair Care
6000001793,2106909200,Food Preparation
6000001794,2106909700,Food Preparation
6000001795,2106905200,Food Preparation
6000001796,3004909235,Medicament Products
6000001798,3305300000,Hair Care
6000001799,3305300000,Hair Care
6000001800,3305300000,Hair Care
6000001801,3305300000,Hair Care
6000001802,3305300000,Hair Care
6000001805,3305100000,Hair Care
6000001806,3305100000,Hair Care
6000001807,3304995000,Skin Care
6000001808,3305100000,Hair Care
6000001809,3305100000,Hair Care
6000001810,3305100000,Hair Care
6000001812,3305100000,Hair Care
6000001817,3305900000,Hair Care
6000001819,3401300000,Soap Products
6000001820,3304995000,Skin Care
6000001821,3304995000,Skin Care
6000001822,3304995000,Skin Care
6000001824,3305300000,Hair Care
6000001825,3305300000,Hair Care
6000001826,3305300000,Hair Care
6000001827,3305300000,Hair Care
6000001832,3305900000,Hair Care
6000001833,3305900000,Hair Care
6000001834,3305900000,Hair Care
6000001839,3305100000,Hair Care
6000001840,3305100000,Hair Care
6000001842,3305100000,Hair Care
6000001843,3305100000,Hair Care
6000001844,3305100000,Hair Care
6000001849,3305100000,Hair Care
6000001864,3305900000,Hair Care
6000001887,3305100000,Hair Care
6000001888,3305100000,Hair Care
6000001889,3304995000,Skin Care
6000001890,3304995000,Skin Care
6000001891,3305900000,Hair Care
6000001892,3305900000,Hair Care
6000001896,3305900000,Hair Care
6000001913,3304900000,Skin Care
6000001925,3304990000,Skin Care
6000001930,3304995000,Skin Care
6000001931,3304995000,Skin Care
6000001932,3304995000,Skin Care
6000001933,3304995000,Skin Care
6000001934,3304995000,Skin Care
6000001935,3304995000,Skin Care
6000001939,3304995000,Skin Care
6000001940,3304995000,Skin Care
6000001941,3304995000,Skin Care
6000001961,3304995000,Skin Care
6000001963,3304995000,Skin Care
6000001966,3304995000,Skin Care
6000001967,3304995000,Skin Care
6000001968,3304995000,Skin Care
6000001969,3304995000,Skin Care
6000001973,3305900000,Hair Care
6000001974,3305900000,Hair Care
6000001977,3304995000,Skin Care
6000001978,3304995000,Skin Care
6000001979,3304995000,Skin Care
6000001980,3304995000,Skin Care
6000001981,3304995000,Skin Care
6000001982,3304995000,Skin Care
6000001983,3304995000,Skin Care
6000001984,3304995000,Skin Care
6000001999,3304995000,Skin Care
6000002012,3305900000,Hair Care
6000002021,3305900000,Hair Care
6000002035,3305100000,Hair Care
6000002037,3305100000,Hair Care
6000002040,3304995000,Skin Care
6000002041,3304995000,Skin Care
6000002042,3304995000,Skin Care
6000002043,3305300000,Hair Care
6000002044,3305900000,Hair Care
6000002048,3305900000,Hair Care
6000002056,3304995000,Skin Care
6000002057,3304995000,Skin Care
6000002060,3304995000,Skin Care
6000002061,3304995000,Skin Care
6000002062,3304995000,Skin Care
6000002068,3305900000,Hair Care
6000002077,3303003000,Perfume Products
6000002081,3305300000,Hair Care
6000002082,3305300000,Hair Care
6000002083,3305900000,Hair Care
6000002084,3305100000,Hair Care
6000002085,3305900000,Hair Care
6000002086,3305900000,Hair Care
6000002087,3305100000,Hair Care
6000002088,3305900000,Hair Care
6000002089,3305900000,Hair Care
6000002090,3305900000,Hair Care
6000002091,3305100000,Hair Care
6000002092,3305300000,Hair Care
6000002093,3305300000,Hair Care
6000002094,3305900000,Hair Care
6000002095,3305900000,Hair Care
6000002097,3305100000,Hair Care
6000002098,3305900000,Hair Care
6000002099,3305900000,Hair Care
6000002100,3305100000,Hair Care
6000002101,3305900000,Hair Care
6000002102,3305900000,Hair Care
6000002103,3305900000,Hair Care
6000002104,3305100000,Hair Care
6000002105,3305900000,Hair Care
6000002106,3305100000,Hair Care
6000002107,3305900000,Hair Care
6000002108,3305900000,Hair Care
6000002109,3305900000,Hair Care
6000002110,3305900000,Hair Care
6000002111,3305900000,Hair Care
6000002112,3305900000,Hair Care
6000002113,3305900000,Hair Care
6000002114,3305900000,Hair Care
6000002115,3305100000,Hair Care
6000002116,3305100000,Hair Care
6000002117,3304995000,Skin Care
6000002121,3304995000,Skin Care
6000002126,3305900000,Hair Care
6000002130,3304995000,Skin Care
6000002137,3305900000,Hair Care
6000002138,3304995000,Skin Care
6000002139,3304995000,Skin Care
6000002143,3304995000,Skin Care
6000002152,3305900000,Hair Care
6000002156,3305900000,Hair Care
6000002157,3305900000,Hair Care
6000002160,3305900000,Hair Care
6000002161,3305900000,Hair Care
6000002163,3305100000,Hair Care
6000002164,3305900000,Hair Care
6000002165,3305900000,Hair Care
6000002166,3305300000,Hair Care
6000002167,3305900000,Hair Care
6000002183,3301295150,Essential Oils
6000002184,3304995000,Skin Care
6000002185,3304995000,Skin Care
6000002186,3304995000,Skin Care
6000002193,3304995000,Skin Care
6000002194,3305900000,Hair Care
6000002195,3305900000,Hair Care
6000002196,3305900000,Hair Care
6000002197,3305900000,Hair Care
6000002198,3305900000,Hair Care
6000002199,3305900000,Hair Care
6000002200,3305900000,Hair Care
6000002201,3305900000,Hair Care
6000002202,3305900000,Hair Care
6000002203,3305900000,Hair Care
6000002204,3305900000,Hair Care
6000002205,3305900000,Hair Care
6000002220,3304995000,Skin Care
6000002221,3304995000,Skin Care
6000002222,3304995000,Skin Care
6000002227,3304995000,Skin Care
6000002228,3304995000,Skin Care
6000002230,3304995000,Skin Care
6000002231,3304995000,Skin Care
6000002232,3305900000,Hair Care
6000002233,3304995000,Skin Care
6000002234,3304995000,Skin Care
6000002235,3304995000,Skin Care
6000002236,3304995000,Skin Care
6000002237,3304995000,Skin Care
6000002238,3304995000,Skin Care
6000002239,3304995000,Skin Care
6000002240,3304995000,Skin Care
6000002241,3304995000,Skin Care
6000002242,3304995000,Skin Care
6000002243,3304995000,Skin Care
6000002244,3304995000,Skin Care
6000002245,3304995000,Skin Care
6000002246,3304995000,Skin Care
6000002247,3304995000,Skin Care
6000002251,3304995000,Skin Care
6000002252,3304995000,Skin Care
6000002253,3304995000,Skin Care
6000002254,3304995000,Skin Care
6000002255,3304995000,Skin Care
6000002268,3004505030,Medicament Products
6000002269,2106909900,Food Preparation
6000002278,3305100000,Hair Care
6000002279,3305900000,Hair Care
6000002280,3305900000,Hair Care
6000002281,3305900000,Hair Care
6000002287,3305900000,Hair Care
6000002292,3305900000,Hair Care
6000002293,3305100000,Hair Care
6000002294,3305900000,Hair Care
6000002301,3304995000,Skin Care
6000002302,3304995000,Skin Care
6000002303,3304995000,Skin Care
6000002304,3304995000,Skin Care
6000002305,3304995000,Skin Care
6000002309,3305900000,Hair Care
6000002310,3305900000,Hair Care
6000002311,3305900000,Hair Care
6000002312,3304995000,Skin Care
6000002324,3305300000,Hair Care
6000002331,3305900000,Hair Care
6000002336,3305100000,Hair Care
6000002337,3305100000,Hair Care
6000002338,3305100000,Hair Care
6000002340,2106907200,Food Preparation
6000002341,3305900000,Hair Care
6000002364,3304995000,Skin Care
6000002365,3304995000,Skin Care
6000002368,3304995000,Skin Care
6000002369,3304995000,Skin Care
6000002370,3305100000,Hair Care
6000002371,3305100000,Hair Care
6000002387,3305100000,Hair Care
6000002390,3305100000,Hair Care
6000002394,3304995000,Skin Care
6000002395,3304995000,Skin Care
6000002396,3304995000,Skin Care
6000002397,3304995000,Skin Care
6000002398,3304995000,Skin Care
6000002399,3304995000,Skin Care
6000002402,3401115000,Soap Products
6000002403,3305100000,Hair Care
6000002404,3305100000,Hair Care
6000002405,3305100000,Hair Care
6000002406,3305100000,Hair Care
6000002407,3305100000,Hair Care
6000002408,3305100000,Hair Care
6000002412,3305900000,Hair Care
6000002424,3305900000,Hair Care
6000002425,3305100000,Hair Care
6000002426,3305900000,Hair Care
6000002428,3305100000,Hair Care
6000002449,3305900000,Hair Care
6000002451,3304995000,Skin Care
6000002452,3304999090,Skin Care
6000002453,3304995000,Skin Care
6000002454,3304995000,Skin Care
6000002466,3304995000,Skin Care
6000002467,3304995000,Skin Care
6000002468,3304995000,Skin Care
6000002469,3304995000,Skin Care
6000002470,3304995000,Skin Care
6000002471,3304995000,Skin Care
6000002472,3304995000,Skin Care
6000002473,3304995000,Skin Care
6000002474,3304995000,Skin Care
6000002475,3304995000,Skin Care
6000002476,3304995000,Skin Care
6000002477,3304995000,Skin Care
6000002478,3304995000,Skin Care
6000002479,3304995000,Skin Care
6000002480,3304995000,Skin Care
6000002481,3304995000,Skin Care
6000002482,3304995000,Skin Care
6000002483,3304995000,Skin Care
6000002484,3304995000,Skin Care
6000002485,3304995000,Skin Care
6000002505,3304995000,Skin Care
6000002509,3304995000,Skin Care
6000002514,3304995000,Skin Care
6000002519,3304995000,Skin Care
6000002521,3304995000,Skin Care
6000002524,3305100000,Hair Care
6000002530,3304995000,Skin Care
6000002536,3304995000,Skin Care
6000002539,3304995000,Skin Care
6000002544,3304995000,Skin Care
6000002546,3304995000,Skin Care
6000002548,3304995000,Skin Care
6000002552,3304995000,Skin Care
6000002560,3304995000,Skin Care
6000002561,3304995000,Skin Care
6000002565,3304995000,Skin Care
6000002566,3304995000,Skin Care
6000002568,3305900000,Hair Care
6000002581,3305100000,Hair Care
6000002582,3305100000,Hair Care
6000002583,3305900000,Hair Care
6000002584,3304995000,Skin Care
6000002585,3305900000,Hair Care
6000002586,3305100000,Hair Care
6000002588,3305100000,Hair Care
6000002594,3305900000,Hair Care
6000002601,3304995000,Skin Care
6000002602,3305900000,Hair Care
6000002603,3305900000,Hair Care
6000002604,3305900000,Hair Care
6000002605,3305900000,Hair Care
6000002606,3305900000,Hair Care
6000002607,3305900000,Hair Care
6000002608,3305900000,Hair Care
6000002610,3305900000,Hair Care
6000002611,3305900000,Hair Care
6000002612,3305900000,Hair Care
6000002614,3305900000,Hair Care
6000002616,3305900000,Hair Care
6000002617,3305900000,Hair Care
6000002618,3305900000,Hair Care
6000002619,3304995000,Skin Care
6000002620,3304995000,Skin Care
6000002621,3305900000,Hair Care
6000002622,3305900000,Hair Care
6000002623,3305900000,Hair Care
6000002627,3305900000,Hair Care
6000002630,3305900000,Hair Care
6000002640,3304995000,Skin Care
6000002641,3304995000,Skin Care
6000002642,3304995000,Skin Care
6000002643,3304995000,Skin Care
6000002644,3304995000,Skin Care
6000002645,3304995000,Skin Care
6000002646,3304995000,Skin Care
6000002647,3304995000,Skin Care
6000002648,3304995000,Skin Care
6000002649,3304995000,Skin Care
6000002650,3304995000,Skin Care
6000002651,3304995000,Skin Care
6000002652,3304995000,Skin Care
6000002654,3304995000,Skin Care
6000002655,3304995000,Skin Care
6000002656,3304995000,Skin Care
6000002657,3305900000,Hair Care
6000002658,3305900000,Hair Care
6000002659,3305900000,Hair Care
6000002660,3305900000,Hair Care
6000002661,3305900000,Hair Care
6000002662,3305900000,Hair Care
6000002663,3305900000,Hair Care
6000002664,3305900000,Hair Care
6000002665,3304995000,Skin Care
6000002667,3305100000,Hair Care
6000002668,3305100000,Hair Care
6000002669,3305100000,Hair Care
6000002680,3304995000,Skin Care
6000002684,3305900000,Hair Care
6000002685,3305900000,Hair Care
6000002686,3305900000,Hair Care
6000002688,3305900000,Hair Care
6000002690,3305900000,Hair Care
6000002691,3305900000,Hair Care
6000002692,3305900000,Hair Care
6000002695,3305900000,Hair Care
6000002696,3305100000,Hair Care
6000002697,3305100000,Hair Care
6000002698,3305900000,Hair Care
6000002699,3304995000,Skin Care
6000002704,3304995000,Skin Care
6000002705,3304995000,Skin Care
6000002707,3304995000,Skin Care
6000002708,3304995000,Skin Care
6000002709,3304995000,Skin Care
6000002710,3305900000,Hair Care
6000002711,3305900000,Hair Care
6000002712,3305900000,Hair Care
6000002713,3305900000,Hair Care
6000002715,3305900000,Hair Care
6000002716,3305900000,Hair Care
6000002717,3304995000,Skin Care
6000002720,3305900000,Hair Care
6000002721,3305900000,Hair Care
6000002722,3305900000,Hair Care
6000002723,3305900000,Hair Care
6000002724,3305900000,Hair Care
6000002725,3305900000,Hair Care
6000002726,3305900000,Hair Care
6000002727,3305900000,Hair Care
6000002728,3305900000,Hair Care
6000002729,3305900000,Hair Care
6000002731,3305900000,Hair Care
6000002732,3305900000,Hair Care
6000002733,3305900000,Hair Care
6000002734,3305900000,Hair Care
6000002735,3305900000,Hair Care
6000002737,3305900000,Hair Care
6000002738,3305900000,Hair Care
6000002739,3305900000,Hair Care
6000002740,3305900000,Hair Care
6000002741,3305900000,Hair Care
6000002742,3305900000,Hair Care
6000002751,3305900000,Hair Care
6000002752,3305900000,Hair Care
6000002755,3304995000,Skin Care
6000002757,3305900000,Hair Care
6000002758,3304995000,Skin Care
6000002759,3304995000,Skin Care
6000002762,3305900000,Hair Care
6000002763,3305900000,Hair Care
6000002764,3304995000,Skin Care
6000002765,3304995000,Skin Care
6000002766,3304995000,Skin Care
6000002768,3304995000,Skin Care
6000002769,3304995000,Skin Care
6000002770,3304995000,Skin Care
6000002771,3304995000,Skin Care
6000002785,3305900000,Hair Care
6000002786,3305900000,Hair Care
6000002787,3305900000,Hair Care
6000002788,3305900000,Hair Care
6000002789,3305900000,Hair Care
6000002790,3305900000,Hair Care
6000002791,3305900000,Hair Care
6000002792,3305900000,Hair Care
6000002793,3305900000,Hair Care
6000002794,3305900000,Hair Care
6000002795,3305900000,Hair Care
6000002796,3305900000,Hair Care
6000002797,3305900000,Hair Care
6000002805,3304995000,Skin Care
6000002806,3304995000,Skin Care
6000002807,3305900000,Hair Care
6000002808,3305900000,Hair Care
6000002815,3305900000,Hair Care
6000002816,3304995000,Skin Care
6000002822,3304995000,Skin Care
6000002823,3304995000,Skin Care
6000002830,3304995000,Skin Care
6000002831,3304995000,Skin Care
6000002832,3304995000,Skin Care
6000002886,3304995000,Skin Care
6000002887,3304995000,Skin Care
6000002908,3303003000,Perfume Products
6000002915,3304995000,Skin Care
6000002916,3304995000,Skin Care
6000002917,3304995000,Skin Care
6000002918,3304995000,Skin Care
6000002919,3304995000,Skin Care
6000002920,3304995000,Skin Care
6000002921,3304995000,Skin Care
6000002922,3304995000,Skin Care
6000002933,3305900000,Hair Care
6000002936,3305900000,Hair Care
6000002937,3305900000,Hair Care
6000002940,3305900000,Hair Care
6000002941,3305900000,Hair Care
6000002953,4817100000,Paper Envelopes
6000002975,3305100000,Hair Care
6000002976,3305100000,Hair Care
6000002977,3305900000,Hair Care
6000002978,3305100000,Hair Care
6000002979,3304995000,Skin Care
6000002980,3305100000,Hair Care
6000002986,3304900000,Skin Care
6000002993,3305900000,Hair Care
6000002994,3305900000,Hair Care
6000002995,3305900000,Hair Care
6000003000,3304995000,Skin Care
6000003001,3304995000,Skin Care
6000003002,3304995000,Skin Care
6000003003,3304995000,Skin Care
6000003004,3304995000,Skin Care
6000003005,3304995000,Skin Care
6000003006,3304995000,Skin Care
6000003007,3304995000,Skin Care
6000003008,3304995000,Skin Care
6000003020,3305900000,Hair Care
6000003021,3305900000,Hair Care
6000003022,3304995000,Skin Care
6000003043,3305900000,Hair Care
6000003044,3305900000,Hair Care
6000003047,3305900000,Hair Care
6000003048,3305900000,Hair Care
6000003050,3305900000,Hair Care
6000003052,3305900000,Hair Care
6000003053,3305900000,Hair Care
6000003054,3305900000,Hair Care
6000003055,3305900000,Hair Care
6000003056,3305900000,Hair Care
6000003057,3305900000,Hair Care
6000003058,3305900000,Hair Care
6000003059,3305900000,Hair Care
6000003060,3305900000,Hair Care
6000003061,3305900000,Hair Care
6000003077,3305900000,Hair Care
6000003081,3305100000,Hair Care
6000003084,3304900000,Skin Care
6000003090,3305900000,Hair Care
6000003091,3305900000,Hair Care
6000003101,3305900000,Hair Care
6000003102,3305900000,Hair Care
6000003103,3305900000,Hair Care
6000003104,3305900000,Hair Care
6000003105,3305900000,Hair Care
6000003106,3305900000,Hair Care
6000003107,3305900000,Hair Care
6000003108,3305900000,Hair Care
6000003111,3305900000,Hair Care
6000003117,3305100000,Hair Care
6000003118,3305100000,Hair Care
6000003120,3305900000,Hair Care
6000003121,3305100000,Hair Care
6000003122,3305900000,Hair Care
6000003124,3305100000,Hair Care
6000003125,3305900000,Hair Care
6000003126,3305100000,Hair Care
6000003128,3305900000,Hair Care
6000003130,3305100000,Hair Care
6000003138,3305900000,Hair Care
6000003139,3305900000,Hair Care
6000003140,3305900000,Hair Care
6000003141,3305900000,Hair Care
6000003142,3305900000,Hair Care
6000003143,3305900000,Hair Care
6000003144,3305900000,Hair Care
6000003145,3305900000,Hair Care
6000003146,3305900000,Hair Care
6000003147,3305900000,Hair Care
6000003148,3305900000,Hair Care
6000003149,3305900000,Hair Care
6000003150,3305900000,Hair Care
6000003151,3305900000,Hair Care
6000003152,3305900000,Hair Care
6000003153,3305900000,Hair Care
6000003154,3305900000,Hair Care
6000003155,3305900000,Hair Care
6000003156,3305900000,Hair Care
6000003157,3305900000,Hair Care
6000003158,3305900000,Hair Care
6000003209,3305900000,Hair Care
6000003210,3305900000,Hair Care
6000003212,3305900000,Hair Care
6000003213,3305900000,Hair Care
6000003214,3305900000,Hair Care
6000003217,3304995000,Skin Care
6000003218,3305100000,Hair Care
6000003219,3305900000,Hair Care
6000003220,3305900000,Hair Care
6000003222,3305900000,Hair Care
6000003223,3305900000,Hair Care
6000003224,3305900000,Hair Care
6000003225,3305900000,Hair Care
6000003226,3305900000,Hair Care
6000003227,3305900000,Hair Care
6000003236,3304995000,Skin Care
6000003237,3305100000,Hair Care
6000003242,3305900000,Hair Care
6000003243,3305900000,Hair Care
6000003244,3305900000,Hair Care
6000003246,3303003000,Perfume Products
6000003247,3303003000,Perfume Products
6000003248,3303003000,Perfume Products
6000003251,3304995000,Skin Care
6000003252,3304995000,Skin Care
6000003253,3304995000,Skin Care
6000003266,3303003000,Perfume Products
6000003267,3305900000,Hair Care
6000003268,3305900000,Hair Care
6000003273,3303003000,Perfume Products
6000003274,3303003000,Perfume Products
6000003275,3303003000,Perfume Products
6000003276,3303003000,Perfume Products
6000003277,3305900000,Hair Care
6000003285,3305900000,Hair Care
6000003289,3305900000,Hair Care
6000003304,3305900000,Hair Care
6000003305,3305900000,Hair Care
6000003345,3305900000,Hair Care
6000003346,3305900000,Hair Care
6000003357,3305900000,Hair Care
6000003358,3305900000,Hair Care
6000003367,3305900000,Hair Care
6000003383,3305900000,Hair Care
6000003385,3305900000,Hair Care
6000003386,3305900000,Hair Care
6000003387,3305900000,Hair Care
6000003388,3305900000,Hair Care
6000003389,3305900000,Hair Care
6000003390,3305900000,Hair Care
6000003391,3305900000,Hair Care
6000003419,3305900000,Hair Care
6000003420,3305900000,Hair Care
6000003421,3305900000,Hair Care
6000003422,3305900000,Hair Care
6000003423,3305900000,Hair Care
6000003424,3305900000,Hair Care
6000003425,3305900000,Hair Care
6000003426,3305900000,Hair Care
6000003435,3305900000,Hair Care
6000003436,3305900000,Hair Care
6000003437,3305900000,Hair Care
6000003438,3305900000,Hair Care
6000003439,3305900000,Hair Care
6000003440,3305900000,Hair Care
6000003441,3305900000,Hair Care
6000003442,3305900000,Hair Care
6000003452,3305900000,Hair Care
6000003453,3305900000,Hair Care
6000003454,3305900000,Hair Care
6000003455,3305900000,Hair Care
6000003456,3305900000,Hair Care
6000003457,3305900000,Hair Care
6000003458,3305900000,Hair Care
6000003460,3305900000,Hair Care
6000003461,3305900000,Hair Care
6000003462,3305900000,Hair Care
6000003490,3305900000,Hair Care
6000003491,3305900000,Hair Care
6000003505,3305900000,Hair Care
6000003506,3305900000,Hair Care
6000003507,3305900000,Hair Care
6000003508,3305900000,Hair Care
6000003509,3305900000,Hair Care
6000003510,3305900000,Hair Care
6000003511,3305900000,Hair Care
6000003512,3305900000,Hair Care
6000003514,3305900000,Hair Care
6000003515,3305900000,Hair Care
6000003516,3305900000,Hair Care
6000003517,3305900000,Hair Care
6000003518,3305900000,Hair Care
6000003519,3305900000,Hair Care
6000003520,3305900000,Hair Care
6000003521,3305900000,Hair Care
6000003522,3305900000,Hair Care
6000003523,3305900000,Hair Care
6000003537,3304995000,Skin Care
6000003538,3304995000,Skin Care
6000003539,3304995000,Skin Care
6000003540,3304995000,Skin Care
6000003541,3304995000,Skin Care
6000003542,3304995000,Skin Care
6000003543,3304995000,Skin Care
6000003544,3304995000,Skin Care
6000003546,3304995000,Skin Care
6000003565,3303003000,Perfume Products
6000003566,3303003000,Perfume Products
6000003581,3305900000,Hair Care
6000003582,3305900000,Hair Care
6000003583,3305900000,Hair Care
6000003584,3305900000,Hair Care
6000003585,3305900000,Hair Care
6000003586,3305900000,Hair Care
6000003587,3305900000,Hair Care
6000003588,3305900000,Hair Care
6000003589,3305900000,Hair Care
6000003590,3305900000,Hair Care
6000003591,3305900000,Hair Care
6000003592,3305900000,Hair Care
6000003593,3305900000,Hair Care
6000003594,3305900000,Hair Care
6000003595,3305900000,Hair Care
6000003598,3304995000,Skin Care
6000003599,3304995000,Skin Care
6000003600,3304995000,Skin Care
6000003601,3304995000,Skin Care
6000003602,3304995000,Skin Care
6000003603,3304995000,Skin Care
6000003604,3304995000,Skin Care
6000003605,3304995000,Skin Care
6000003606,3304995000,Skin Care
6000003607,3304995000,Skin Care
6000003629,3304995000,Skin Care
6000003630,3304995000,Skin Care
6000003631,3304995000,Skin Care
6000003632,3304995000,Skin Care
6000003633,3304995000,Skin Care
6000003634,3304995000,Skin Care
6000003635,3305900000,Hair Care
6000003636,3305900000,Hair Care
6000003637,3305900000,Hair Care
6000003638,3305900000,Hair Care
6000003659,3305900000,Hair Care
6000003660,3305900000,Hair Care
6000003661,3305900000,Hair Care
6000003662,3305900000,Hair Care
6000003663,3305900000,Hair Care
6000003664,3305900000,Hair Care
6000003665,3305900000,Hair Care
6000003666,3305900000,Hair Care
6000003667,3305900000,Hair Care
6000003668,3305900000,Hair Care
6000003669,3305900000,Hair Care
6000003670,3305900000,Hair Care
6000003671,3305900000,Hair Care
6000003672,3305900000,Hair Care
6000003692,3305100000,Hair Care
6000003725,3305900000,Hair Care
6000003726,3305900000,Hair Care
6000003745,3305900000,Hair Care
6000003746,3305900000,Hair Care
6000003747,3305900000,Hair Care
6000003748,3305900000,Hair Care
6000003749,3305900000,Hair Care
6000003750,3305900000,Hair Care
6000003751,3305900000,Hair Care
6000003752,3305900000,Hair Care
6000003753,3305900000,Hair Care
6000003754,3305900000,Hair Care
6000003755,3305900000,Hair Care
6000003756,3305900000,Hair Care
6000003757,3305900000,Hair Care
6000003758,3305900000,Hair Care
6000003759,3305900000,Hair Care
6000003760,3305900000,Hair Care
6000003767,3305900000,Hair Care
6000003769,3305900000,Hair Care
6000003778,3305900000,Hair Care
6000003779,3305900000,Hair Care
6000003780,3305900000,Hair Care
6000003781,3305900000,Hair Care
6000003785,3305900000,Hair Care
6000003786,3305900000,Hair Care
6000003789,3305900000,Hair Care
6000003825,3305900000,Hair Care
6000003826,3305900000,Hair Care
6000003827,3305900000,Hair Care
6000003831,3305900000,Hair Care
6000003832,3305900000,Hair Care
6000003838,3305900000,Hair Care
6000003839,3305900000,Hair Care
6000003840,3305900000,Hair Care
6000003843,3305900000,Hair Care
6000003848,3305900000,Hair Care
6000003858,3305900000,Hair Care
6000003859,3305900000,Hair Care
6000003862,3305900000,Hair Care
6000003863,3305900000,Hair Care
6000003876,3305900000,Hair Care
6000003877,3305900000,Hair Care
6000003891,3305900000,Hair Care
6000003892,3305900000,Hair Care
6000003893,3305900000,Hair Care
6000003895,3305900000,Hair Care
6000003896,3305900000,Hair Care
6000003897,3305900000,Hair Care
6000003899,3305900000,Hair Care
6000003901,3305900000,Hair Care
6000003922,3305900000,Hair Care
6000003924,3304995000,Skin Care
6000003925,3305100000,Hair Care
6000003926,3305100000,Hair Care
6000003927,3305100000,Hair Care
6000003928,3305100000,Hair Care
6000003929,3304995000,Skin Care
6000003930,3305100000,Hair Care
6000003932,3305100000,Hair Care
6000003933,3305900000,Hair Care
6000003934,3305100000,Hair Care
6000003935,3305100000,Hair Care
6000003936,3305900000,Hair Care
6000003937,3305100000,Hair Care
6000003938,3305100000,Hair Care
6000003939,3305900000,Hair Care
6000003940,3305900000,Hair Care
6000003941,3305100000,Hair Care
6000003942,3305900000,Hair Care
6000003943,3305100000,Hair Care
6000003944,3305100000,Hair Care
6000003945,3305900000,Hair Care
6000003946,3305100000,Hair Care
6000003947,3305100000,Hair Care
6000003948,3305100000,Hair Care
6000003949,3305100000,Hair Care
6000003950,3305900000,Hair Care
6000003951,3304910050,Skin Care
6000003952,3304200000,Skin Care
6000003953,3304100000,Skin Care
6000003954,3304100000,Skin Care
6000003955,3304100000,Skin Care
6000003956,3304100000,Skin Care
6000003957,3304100000,Skin Care
6000003958,3304100000,Skin Care
6000003959,3304910050,Skin Care
6000003960,3304910050,Skin Care
6000003961,3304910050,Skin Care
6000003962,3304910050,Skin Care
6000003963,3304910050,Skin Care
6000003964,3304910050,Skin Care
6000003965,3304910000,Skin Care
6000003966,3304910000,Skin Care
6000003967,3304910000,Skin Care
6000003968,3305900000,Hair Care
6000003969,3305900000,Hair Care
6000003974,3305900000,Hair Care
6000003975,3305900000,Hair Care
6000003977,3305300000,Hair Care
6000003978,3305300000,Hair Care
6000003979,3305900000,Hair Care
6000003980,3305100000,Hair Care
6000003981,3305900000,Hair Care
6000004019,3305900000,Hair Care
6000004020,3305900000,Hair Care
6000004021,3305900000,Hair Care
6000004022,3305900000,Hair Care
6000004023,3305900000,Hair Care
6000004024,3305900000,Hair Care
6000004025,3305900000,Hair Care
6000004026,3305900000,Hair Care
6000004027,3305900000,Hair Care
6000004028,3305900000,Hair Care
6000004029,3305900000,Hair Care
6000004030,3305900000,Hair Care
6000004032,3305900000,Hair Care
6000004033,3305100000,Hair Care
6000004035,3305900000,Hair Care
6000004036,3305900000,Hair Care
6000004070,3305900000,Hair Care
6000004071,3305900000,Hair Care
6000004076,3304995000,Skin Care
6000004079,3304995000,Skin Care
6000004080,3304995000,Skin Care
6000004081,3304995000,Skin Care
6000004082,3304995000,Skin Care
6000004083,3304995000,Skin Care
6000004091,3305900000,Hair Care
6000004092,3305900000,Hair Care
6000004100,3305900000,Hair Care
6000004105,3304995000,Skin Care
6000004107,3304995000,Skin Care
6000004108,3304995000,Skin Care
6000004115,3304995000,Skin Care
6000004117,3305100000,Hair Care
6000004118,3305100000,Hair Care
6000004119,3305100000,Hair Care
6000004120,3305100000,Hair Care
6000004121,3305100000,Hair Care
6000004122,3305900000,Hair Care
6000004123,3305900000,Hair Care
6000004124,3305100000,Hair Care
6000004125,3305900000,Hair Care
6000004126,3305100000,Hair Care
6000004127,3304910050,Skin Care
6000004129,3304910050,Skin Care
6000004132,3305100000,Hair Care
6000004133,3305100000,Hair Care
6000004134,3305900000,Hair Care
6000004135,3305100000,Hair Care
6000004136,3305100000,Hair Care
6000004137,3305900000,Hair Care
6000004141,3305900000,Hair Care
6000004143,3305100000,Hair Care
6000004146,3305900000,Hair Care
6000004147,3305900000,Hair Care
6000004148,3305900000,Hair Care
6000004149,3305900000,Hair Care
6000004150,3305900000,Hair Care
6000004151,3305900000,Hair Care
6000004152,3305900000,Hair Care
6000004153,3305900000,Hair Care
6000004154,3305100000,Hair Care
6000004155,3304995000,Skin Care
6000004156,3305100000,Hair Care
6000004157,3305100000,Hair Care
6000004158,3305900000,Hair Care
6000004159,3305900000,Hair Care
6000004160,3305100000,Hair Care
6000004161,3305100000,Hair Care
6000004162,3305100000,Hair Care
6000004163,3304995000,Skin Care
6000004165,3305900000,Hair Care
6000004174,3305900000,Hair Care
6000004176,3305900000,Hair Care
6000004177,3305900000,Hair Care
6000004178,3305900000,Hair Care
6000004179,3305900000,Hair Care
6000004180,3305900000,Hair Care
6000004181,3305900000,Hair Care
6000004182,3305900000,Hair Care
6000004183,3305900000,Hair Care
6000004184,3305900000,Hair Care
6000004185,3305900000,Hair Care
6000004186,3305900000,Hair Care
6000004187,3305900000,Hair Care
6000004188,3305900000,Hair Care
6000004189,3305900000,Hair Care
6000004190,3305900000,Hair Care
6000004191,3305900000,Hair Care
6000004192,3305900000,Hair Care
6000004193,3305900000,Hair Care
6000004210,3304995000,Skin Care
6000004212,3305900000,Hair Care
6000004213,3305900000,Hair Care
6000004216,3305900000,Hair Care
6000004217,3305100000,Hair Care
6000004218,3305900000,Hair Care
6000004228,3304995000,Skin Care
6000004229,3304995000,Skin Care
6000004230,3304995000,Skin Care
6000004231,3304995000,Skin Care
6000004232,3304995000,Skin Care
6000004233,3304995000,Skin Care
6000004234,3304995000,Skin Care
6000004235,3304995000,Skin Care
6000004246,3305900000,Hair Care
6000004247,3305900000,Hair Care
6000004255,3305900000,Hair Care
6000004256,3305900000,Hair Care
6000004257,3305900000,Hair Care
6000004258,3305900000,Hair Care
6000004259,3305900000,Hair Care
6000004260,3305900000,Hair Care
6000004261,3305900000,Hair Care
6000004262,3305900000,Hair Care
6000004263,3305900000,Hair Care
6000004264,3305900000,Hair Care
6000004265,3305900000,Hair Care
6000004266,3305900000,Hair Care
6000004277,3305900000,Hair Care
6000004279,3305900000,Hair Care
6000004280,3305900000,Hair Care
6000004281,3304995000,Skin Care
6000004288,3305900000,Hair Care
6000004290,3304995000,Skin Care
6000004291,3304995000,Skin Care
6000004292,3304995000,Skin Care
6000004293,3305900000,Hair Care
6000004294,3305900000,Hair Care
6000004296,3304995000,Skin Care
6000004298,3305100000,Hair Care
6000004299,3305100000,Hair Care
6000004300,3305100000,Hair Care
6000004301,3305100000,Hair Care
6000004302,3305900000,Hair Care
6000004303,3305900000,Hair Care
6000004304,3305900000,Hair Care
6000004305,3305900000,Hair Care
6000004306,3305900000,Hair Care
6000004307,3305900000,Hair Care
6000004308,3305900000,Hair Care
6000004310,3305100000,Hair Care
6000004311,3305100000,Hair Care
6000004313,3305900000,Hair Care
6000004318,3305900000,Hair Care
6000004344,3304995000,Skin Care
6000004345,3304995000,Skin Care
6000004346,3304995000,Skin Care
6000004347,3304995000,Skin Care
6000004348,3304995000,Skin Care
6000004362,3305100000,Hair Care
6000004363,3305100000,Hair Care
6000004364,3305900000,Hair Care
6000004365,3305900000,Hair Care
6000004367,3304995000,Skin Care
6000004368,3304995000,Skin Care
6000004369,3305900000,Hair Care
6000004370,3305100000,Hair Care
6000004372,3305900000,Hair Care
6000004373,3305900000,Hair Care
6000004374,3305900000,Hair Care
6000004375,3304995000,Skin Care
6000004376,3304995000,Skin Care
6000004377,3305100000,Hair Care
6000004378,3305900000,Hair Care
6000004388,3304995000,Skin Care
6000004389,3304995000,Skin Care
6000004403,3305900000,Hair Care
6000004404,3305900000,Hair Care
6000004405,3305900000,Hair Care
6000004414,3304995000,Skin Care
6000004415,3305900000,Hair Care
6000004416,3305900000,Hair Care
6000004417,3305900000,Hair Care
6000004418,3305900000,Hair Care
6000004419,3305900000,Hair Care
6000004420,3305900000,Hair Care
6000004421,3305900000,Hair Care
6000004422,3305900000,Hair Care
6000004423,3305900000,Hair Care
6000004424,3305900000,Hair Care
6000004425,3305900000,Hair Care
6000004426,3305900000,Hair Care
6000004427,3305900000,Hair Care
6000004428,3305900000,Hair Care
6000004429,3305900000,Hair Care
6000004430,3305900000,Hair Care
6000004431,3305900000,Hair Care
6000004433,3305100000,Hair Care
6000004434,3304995000,Skin Care
6000004435,3304995000,Skin Care
6000004436,3304995000,Skin Care
6000004437,3304995000,Skin Care
6000004438,3304995000,Skin Care
6000004439,3304995000,Skin Care
6000004440,3304995000,Skin Care
6000004441,3304995000,Skin Care
6000004458,3305900000,Hair Care
6000004459,3305900000,Hair Care
6000004460,3305100000,Hair Care
6000004468,3305900000,Hair Care
6000004471,3305900000,Hair Care
6000004472,3305900000,Hair Care
6000004473,3305900000,Hair Care
6000004474,3305900000,Hair Care
6000004475,3305900000,Hair Care
6000004482,3304995000,Skin Care
6000004484,3305900000,Hair Care
6000004492,3305900000,Hair Care
6000004493,3305900000,Hair Care
6000004494,3305900000,Hair Care
6000004500,3305900000,Hair Care
6000004502,3304995000,Skin Care
6000004505,3304995000,Skin Care
6000004506,3304995000,Skin Care
6000004507,3305100000,Hair Care
6000004508,3304995000,Skin Care
6000004510,3304995000,Skin Care
6000004524,3305900000,Hair Care
6000004525,3305900000,Hair Care
6000004526,3305900000,Hair Care
6000004527,3305900000,Hair Care
6000004528,3305900000,Hair Care
6000004529,3305900000,Hair Care
6000004530,3305900000,Hair Care
6000004531,3305900000,Hair Care
6000004532,3305900000,Hair Care
6000004533,3305900000,Hair Care
6000004534,3305900000,Hair Care
6000004535,3305900000,Hair Care
6000004536,3305900000,Hair Care
6000004537,3305900000,Hair Care
6000004538,3305900000,Hair Care
6000004539,3305900000,Hair Care
6000004540,3305900000,Hair Care
6000004541,3305900000,Hair Care
6000004542,3305900000,Hair Care
6000004543,3305900000,Hair Care
6000004561,3305900000,Hair Care
6000004562,3305900000,Hair Care
6000004566,3305900000,Hair Care
6000004567,3305900000,Hair Care
6000004568,3305900000,Hair Care
6000004569,3305900000,Hair Care
6000004570,3305900000,Hair Care
6000004571,3305900000,Hair Care
6000004572,3305900000,Hair Care
6000004573,3305900000,Hair Care
6000004574,3305900000,Hair Care
6000004575,3305900000,Hair Care
6000004576,3305900000,Hair Care
6000004577,3305900000,Hair Care
6000004578,3305900000,Hair Care
6000004579,3305900000,Hair Care
6000004580,3305900000,Hair Care
6000004581,3305900000,Hair Care
6000004582,3305900000,Hair Care
6000004583,3305900000,Hair Care
6000004584,3305900000,Hair Care
6000004585,3305900000,Hair Care
6000004586,3305900000,Hair Care
6000004587,3305900000,Hair Care
6000004588,3305900000,Hair Care
6000004589,3305900000,Hair Care
6000004591,3305900000,Hair Care
6000004592,3305900000,Hair Care
6000004593,3305900000,Hair Care
6000004594,3305900000,Hair Care
6000004595,3305900000,Hair Care
6000004596,3305900000,Hair Care
6000004597,3305900000,Hair Care
6000004598,3305900000,Hair Care
6000004599,3305900000,Hair Care
6000004600,3305900000,Hair Care
6000004601,3305900000,Hair Care
6000004602,3305900000,Hair Care
6000004603,3305900000,Hair Care
6000004604,3305900000,Hair Care
6000004605,3305900000,Hair Care
6000004606,3305900000,Hair Care
6000004607,3305900000,Hair Care
6000004608,3305900000,Hair Care
6000004609,3305900000,Hair Care
6000004610,3305900000,Hair Care
6000004611,3305900000,Hair Care
6000004612,3305900000,Hair Care
6000004613,3305900000,Hair Care
6000004614,3305900000,Hair Care
6000004616,3305900000,Hair Care
6000004617,3305900000,Hair Care
6000004618,3305900000,Hair Care
6000004619,3305900000,Hair Care
6000004620,3305900000,Hair Care
6000004621,3305900000,Hair Care
6000004622,3305900000,Hair Care
6000004623,3305900000,Hair Care
6000004624,3305900000,Hair Care
6000004625,3305900000,Hair Care
6000004626,3305900000,Hair Care
6000004627,3305900000,Hair Care
6000004628,3305900000,Hair Care
6000004629,3305900000,Hair Care
6000004630,3305900000,Hair Care
6000004631,3305900000,Hair Care
6000004632,3305900000,Hair Care
6000004650,3305900000,Hair Care
6000004655,3305900000,Hair Care
6000004656,3305900000,Hair Care
6000004657,3305900000,Hair Care
6000004658,3305900000,Hair Care
6000004659,3305900000,Hair Care
6000004660,3305900000,Hair Care
6000004661,3305900000,Hair Care
6000004662,3305900000,Hair Care
6000004663,3305900000,Hair Care
6000004664,3304995000,Skin Care
6000004665,3304995000,Skin Care
6000004672,3305900000,Hair Care
6000004673,3305900000,Hair Care
6000004674,3305900000,Hair Care
6000004675,3305900000,Hair Care
6000004677,3305900000,Hair Care
6000004678,3305900000,Hair Care
6000004679,3305900000,Hair Care
6000004680,3305900000,Hair Care
6000004681,3305900000,Hair Care
6000004682,3305900000,Hair Care
6000004683,3305900000,Hair Care
6000004684,3305900000,Hair Care
6000004687,3305900000,Hair Care
6000004688,3305900000,Hair Care
6000004689,3305900000,Hair Care
6000004690,3305900000,Hair Care
6000004700,3305900000,Hair Care
6000004701,3305900000,Hair Care
6000004707,3305900000,Hair Care
6000004708,3305900000,Hair Care
6000004727,3304995000,Skin Care
6000004728,3304995000,Skin Care
6000004729,3304995000,Skin Care
6000004737,3304995000,Skin Care
6000004738,3304995000,Skin Care
6000004739,3304995000,Skin Care
6000004747,3305100000,Hair Care
6000004757,3305900000,Hair Care
6000004758,3305900000,Hair Care
6000004759,3305900000,Hair Care
6000004760,3305900000,Hair Care
6000004761,3305900000,Hair Care
6000004762,3305900000,Hair Care
6000004763,3305900000,Hair Care
6000004764,3305900000,Hair Care
6000004765,3305900000,Hair Care
6000004768,3304995000,Skin Care
6000004769,3304995000,Skin Care
6000004770,3304995000,Skin Care
6000004772,3305900000,Hair Care
6000004773,3305900000,Hair Care
6000004774,3305900000,Hair Care
6000004775,3305900000,Hair Care
6000004776,3305900000,Hair Care
6000004777,3305900000,Hair Care
6000004778,3305900000,Hair Care
6000004779,3305900000,Hair Care
6000004780,3305900000,Hair Care
6000004781,3305900000,Hair Care
6000004782,3305900000,Hair Care
6000004783,3305900000,Hair Care
6000004784,3305900000,Hair Care
6000004785,3305900000,Hair Care
6000004787,3305900000,Hair Care
6000004788,3305900000,Hair Care
6000004789,3305100000,Hair Care
6000004790,3305900000,Hair Care
6000004800,3305900000,Hair Care
6000004801,3305900000,Hair Care
6000004813,3304995000,Skin Care
6000004814,3304995000,Skin Care
6000004815,3304995000,Skin Care
6000004816,3304995000,Skin Care
6000004817,3304995000,Skin Care
6000004818,3304995000,Skin Care
6000004819,3304995000,Skin Care
6000004820,3304995000,Skin Care
6000004821,3304995000,Skin Care
6000004841,3305100000,Hair Care
6000004842,3304995000,Skin Care
6000004843,3304995000,Skin Care
6000004844,3304995000,Skin Care
6000004845,3304995000,Skin Care
6000004846,3304995000,Skin Care
6000004852,3304995000,Skin Care
6000004853,3304995000,Skin Care
6000004854,3304995000,Skin Care
6000004855,3304995000,Skin Care
6000004865,3304995000,Skin Care
6000004871,3305900000,Hair Care
6000004872,3305900000,Hair Care
6000004873,3305900000,Hair Care
6000004874,3305900000,Hair Care
6000004875,3305900000,Hair Care
6000004876,3305900000,Hair Care
6000004877,3305900000,Hair Care
6000004878,3305900000,Hair Care
6000004879,3305900000,Hair Care
6000004880,3305900000,Hair Care
6000004881,3305900000,Hair Care
6000004886,3305900000,Hair Care
6000004889,3304995000,Skin Care
6000004892,3304995000,Skin Care
6000004894,3304995000,Skin Care
6000004895,3304995000,Skin Care
6000004896,3304995000,Skin Care
6000004897,3304995000,Skin Care
6000004898,3304995000,Skin Care
6000004899,3304995000,Skin Care
6000004906,3304995000,Skin Care
6000004909,3305900000,Hair Care
6000004910,3305900000,Hair Care
6000004913,3305100000,Hair Care
6000004914,3305900000,Hair Care
6000004916,3304995000,Skin Care
6000004927,3305900000,Hair Care
6000004928,3305900000,Hair Care
6000004936,3304995000,Skin Care
6000004937,3305900000,Hair Care
6000004938,3305900000,Hair Care
6000004939,3305900000,Hair Care
6000004946,3305900000,Hair Care
6000004947,3305900000,Hair Care
6000004948,3305900000,Hair Care
6000004949,3305900000,Hair Care
6000004950,3305900000,Hair Care
6000004951,3305900000,Hair Care
6000004952,3305900000,Hair Care
6000004953,3305900000,Hair Care
6000004954,3305900000,Hair Care
6000004955,3305900000,Hair Care
6000004956,3304995000,Skin Care
6000004957,3304100000,Skin Care
6000004958,3304995000,Skin Care
6000004959,3304995000,Skin Care
6000004960,3304995000,Skin Care
6000004967,3305100000,Hair Care
6000004969,3304995000,Skin Care
6000004970,3305900000,Hair Care
6000004971,3305900000,Hair Care
6000004972,3305900000,Hair Care
6000004973,3305900000,Hair Care
6000004974,3305900000,Hair Care
6000004975,3305900000,Hair Care
6000004976,3305900000,Hair Care
6000004977,3305900000,Hair Care
6000004993,3305900000,Hair Care
6000004994,3305900000,Hair Care
6000004995,3305900000,Hair Care
6000004996,3305900000,Hair Care
6000004997,3305900000,Hair Care
6000004999,3305900000,Hair Care
6000005000,3305900000,Hair Care
6000005001,3305100000,Hair Care
6000005002,3304995000,Skin Care
6000005003,3304995000,Skin Care
6000005004,3304995000,Skin Care
6000005005,3304995000,Skin Care
6000005006,3304995000,Skin Care
6000005009,3304995000,Skin Care
6000005010,3304995000,Skin Care
6000005011,3304995000,Skin Care
6000005012,3304995000,Skin Care
6000005013,3304995000,Skin Care
6000005014,3304200000,Skin Care
6000005015,3304995000,Skin Care
6000005016,3304995000,Skin Care
6000005017,3304995000,Skin Care
6000005018,3305100000,Hair Care
6000005019,3304995000,Skin Care
6000005020,3304995000,Skin Care
6000005021,3304995000,Skin Care
6000005024,3305900000,Hair Care
6000005025,3305900000,Hair Care
6000005026,3305900000,Hair Care
6000005027,3305900000,Hair Care
6000005028,3305900000,Hair Care
6000005029,3305900000,Hair Care
6000005030,3305900000,Hair Care
6000005031,3305900000,Hair Care
6000005032,3305900000,Hair Care
6000005033,3305900000,Hair Care
6000005034,3305900000,Hair Care
6000005035,3305900000,Hair Care
6000005036,3305900000,Hair Care
6000005037,3305900000,Hair Care
6000005038,3305900000,Hair Care
6000005039,3305900000,Hair Care
6000005040,3305900000,Hair Care
6000005041,3305900000,Hair Care
6000005042,3305900000,Hair Care
6000005043,3305900000,Hair Care
6000005046,3305100000,Hair Care
6000005049,3305900000,Hair Care
6000005050,3305900000,Hair Care
6000005051,3305900000,Hair Care
6000005052,3305900000,Hair Care
6000005053,3305900000,Hair Care
6000005075,3305900000,Hair Care
6000005079,3305900000,Hair Care
6000005080,3305900000,Hair Care
6000005081,3305900000,Hair Care
6000005082,3305900000,Hair Care
6000005083,3305900000,Hair Care
6000005091,3305900000,Hair Care
6000005092,3305900000,Hair Care
6000005094,3305900000,Hair Care
6000005095,3305900000,Hair Care
6000005096,3305900000,Hair Care
6000005097,3304995000,Skin Care
6000005105,3304995000,Skin Care
6000005107,3304995000,Skin Care
6000005108,3304995000,Skin Care
6000005109,3304995000,Skin Care
6000005110,3304995000,Skin Care
6000005116,3305900000,Hair Care
6000005117,3304995000,Skin Care
6000005118,3304995000,Skin Care
6000005124,3305900000,Hair Care
6000005125,3305900000,Hair Care
6000005126,3305900000,Hair Care
6000005127,3305900000,Hair Care
6000005128,3305900000,Hair Care
6000005129,3305900000,Hair Care
6000005130,3305900000,Hair Care
6000005131,3305900000,Hair Care
6000005132,3305900000,Hair Care
6000005133,3305900000,Hair Care
6000005134,3305900000,Hair Care
6000005135,3305900000,Hair Care
6000005136,3305900000,Hair Care
6000005137,3305900000,Hair Care
6000005138,3305900000,Hair Care
6000005139,3305900000,Hair Care
6000005147,3304995000,Skin Care
6000005154,3305900000,Hair Care
6000005155,3305900000,Hair Care
6000005156,3305100000,Hair Care
6000005157,3305900000,Hair Care
6000005170,3303003000,Perfume Products
6000005171,3303003000,Perfume Products
6000005174,3305900000,Hair Care
6000005175,3304995000,Skin Care
6000005176,3305900000,Hair Care
6000005177,3305900000,Hair Care
6000005178,3305900000,Hair Care
6000005179,3305900000,Hair Care
6000005180,3305900000,Hair Care
6000005181,3305900000,Hair Care
6000005182,3305900000,Hair Care
6000005183,3305900000,Hair Care
6000005184,3305900000,Hair Care
6000005194,3304995000,Skin Care
6000005195,3304995000,Skin Care
6000005196,3305900000,Hair Care
6000005197,3305900000,Hair Care
6000005205,3305900000,Hair Care
6000005207,3305900000,Hair Care
6000005208,3305900000,Hair Care
6000005209,3305900000,Hair Care
6000005210,3305900000,Hair Care
6000005211,3305900000,Hair Care
6000005212,3305900000,Hair Care
6000005213,3304995000,Skin Care
6000005214,3305900000,Hair Care
6000005215,3305900000,Hair Care
6000005216,3305900000,Hair Care
6000005217,3305900000,Hair Care
6000005218,3305900000,Hair Care
6000005219,3305900000,Hair Care
6000005220,3305900000,Hair Care
6000005221,3305900000,Hair Care
6000005222,3305900000,Hair Care
6000005223,3305900000,Hair Care
6000005224,3305900000,Hair Care
6000005225,3305900000,Hair Care
6000005226,3305900000,Hair Care
6000005227,3305900000,Hair Care
6000005228,3305900000,Hair Care
6000005229,3305900000,Hair Care
6000005230,3305900000,Hair Care
6000005235,3305900000,Hair Care
6000005236,3305900000,Hair Care
6000005237,3305900000,Hair Care
6000005238,3305900000,Hair Care
6000005240,3305900000,Hair Care
6000005242,3305900000,Hair Care
6000005243,3305900000,Hair Care
6000005247,3305900000,Hair Care
6000005248,3305100000,Hair Care
6000005249,3305100000,Hair Care
6000005251,3304995000,Skin Care
6000005252,3305900000,Hair Care
6000005253,3305900000,Hair Care
6000005255,3305900000,Hair Care
6000005256,3305900000,Hair Care
6000005257,3305900000,Hair Care
6000005258,3305900000,Hair Care
6000005264,3304995000,Skin Care
6000005266,3305100000,Hair Care
6000005267,3305100000,Hair Care
6000005268,3305100000,Hair Care
6000005269,3305100000,Hair Care
6000005274,3304995000,Skin Care
6000005276,3305900000,Hair Care
6000005278,3305100000,Hair Care
6000005279,3305100000,Hair Care
6000005280,3305100000,Hair Care
6000005282,3305900000,Hair Care
6000005283,3304995000,Skin Care
6000005284,3305100000,Hair Care
6000005285,3305100000,Hair Care
6000005286,3305900000,Hair Care
6000005287,3305100000,Hair Care
6000005288,3305100000,Hair Care
6000005289,3305100000,Hair Care
6000005291,3305100000,Hair Care
6000005292,3305100000,Hair Care
6000005293,3305900000,Hair Care
6000005294,3305900000,Hair Care
6000005295,3305100000,Hair Care
6000005296,3305100000,Hair Care
6000005299,3305300000,Hair Care
6000005300,3305100000,Hair Care
6000005301,3305100000,Hair Care
6000005303,3305900000,Hair Care
6000005308,3305900000,Hair Care
6000005309,3305900000,Hair Care
6000005310,3305900000,Hair Care
6000005311,3305900000,Hair Care
6000005312,3305900000,Hair Care
6000005313,3305900000,Hair Care
6000005314,3305900000,Hair Care
6000005315,3305900000,Hair Care
6000005316,3305900000,Hair Care
6000005317,3305900000,Hair Care
6000005318,3305900000,Hair Care
6000005319,3305900000,Hair Care
6000005320,3305900000,Hair Care
6000005321,3305900000,Hair Care
6000005322,3305900000,Hair Care
6000005323,3305900000,Hair Care
6000005356,3305900000,Hair Care
6000005357,3305900000,Hair Care
6000005359,3305900000,Hair Care
6000005367,3305900000,Hair Care
6000005369,3305900000,Hair Care
6000005370,3305900000,Hair Care
6000005371,3305100000,Hair Care
6000005372,3305100000,Hair Care
6000005373,3305100000,Hair Care
6000005374,3305100000,Hair Care
6000005375,3305900000,Hair Care
6000005376,3305900000,Hair Care
6000005377,3305900000,Hair Care
6000005378,3305900000,Hair Care
6000005390,3305900000,Hair Care
6000005391,3305900000,Hair Care
6000005392,3305900000,Hair Care
6000005393,3305900000,Hair Care
6000005394,3305900000,Hair Care
6000005395,3305900000,Hair Care
6000005396,3305900000,Hair Care
6000005397,3305900000,Hair Care
6000005398,3305900000,Hair Care
6000005410,3305900000,Hair Care
6000005411,3305900000,Hair Care
6000005412,3305900000,Hair Care
6000005413,3305900000,Hair Care
6000005414,3305900000,Hair Care
6000005415,3305900000,Hair Care
6000005416,3305900000,Hair Care
6000005419,3305900000,Hair Care
6000005420,3305900000,Hair Care
6000005421,3305900000,Hair Care
6000005422,3305900000,Hair Care
6000005423,3305900000,Hair Care
6000005424,3305900000,Hair Care
6000005425,3305900000,Hair Care
6000005426,3305900000,Hair Care
6000005427,3305900000,Hair Care
6000005428,3305900000,Hair Care
6000005429,3305900000,Hair Care
6000005460,3305900000,Hair Care
6000005461,3305900000,Hair Care
6000005462,3305900000,Hair Care
6000005463,3305900000,Hair Care
6000005464,3305900000,Hair Care
6000005465,3305900000,Hair Care
6000005466,3305900000,Hair Care
6000005467,3305900000,Hair Care
6000005468,3305900000,Hair Care
6000005469,3305900000,Hair Care
6000005470,3305900000,Hair Care
6000005471,3305900000,Hair Care
6000005472,3305900000,Hair Care
6000005473,3305900000,Hair Care
6000005474,3305900000,Hair Care
6000005475,3305900000,Hair Care
6000005476,3305900000,Hair Care
6000005477,3305900000,Hair Care
6000005478,3305900000,Hair Care
6000005479,3305900000,Hair Care
6000005483,3305900000,Hair Care
6000005484,3305900000,Hair Care
6000005486,3305900000,Hair Care
6000005487,3305900000,Hair Care
6000005488,3305100000,Hair Care
6000005489,3305100000,Hair Care
6000005490,3305100000,Hair Care
6000005493,3305900000,Hair Care
6000005494,3305900000,Hair Care
6000005495,3305900000,Hair Care
6000005496,3305900000,Hair Care
6000005497,3305900000,Hair Care
6000005498,3305900000,Hair Care
6000005499,3305900000,Hair Care
6000005500,3305900000,Hair Care
6000005501,3305900000,Hair Care
6000005502,3305900000,Hair Care
6000005503,3305900000,Hair Care
6000005514,3305100000,Hair Care
6000005519,3305900000,Hair Care
6000005520,3305900000,Hair Care
6000005521,3305900000,Hair Care
6000005522,3305900000,Hair Care
6000005523,3305900000,Hair Care
6000005524,3305900000,Hair Care
6000005525,3305900000,Hair Care
6000005526,3305900000,Hair Care
6000005527,3305900000,Hair Care
6000005528,3305900000,Hair Care
6000005529,3305900000,Hair Care
6000005530,3305900000,Hair Care
6000005531,3305900000,Hair Care
6000005532,3305900000,Hair Care
6000005533,3305900000,Hair Care
6000005534,3305900000,Hair Care
6000005535,3305900000,Hair Care
6000005536,3305900000,Hair Care
6000005537,3305900000,Hair Care
6000005538,3305900000,Hair Care
6000005539,3305900000,Hair Care
6000005540,3305900000,Hair Care
6000005541,3305900000,Hair Care
6000005542,3305900000,Hair Care
6000005543,3305900000,Hair Care
6000005544,3305900000,Hair Care
6000005546,3304995000,Skin Care
6000005547,3305900000,Hair Care
6000005548,3305900000,Hair Care
6000005549,3305900000,Hair Care
6000005550,3305900000,Hair Care
6000005551,3305900000,Hair Care
6000005552,3305900000,Hair Care
6000005553,3305900000,Hair Care
6000005554,3305900000,Hair Care
6000005555,3305900000,Hair Care
6000005556,3305900000,Hair Care
6000005557,3305900000,Hair Care
6000005558,3305900000,Hair Care
6000005559,3305900000,Hair Care
6000005560,3304995000,Skin Care
6000005561,3304995000,Skin Care
6000005566,3305300000,Hair Care
6000005567,3305300000,Hair Care
6000005568,3304995000,Skin Care
6000005570,3304995000,Skin Care
6000005571,3304995000,Skin Care
6000005572,3304995000,Skin Care
6000005594,3305900000,Hair Care
6000005597,3305900000,Hair Care
6000005598,3305900000,Hair Care
6000005606,3305900000,Hair Care
6000005607,3305900000,Hair Care
6000005608,3305900000,Hair Care
6000005609,3305900000,Hair Care
6000005610,3305900000,Hair Care
6000005611,3305900000,Hair Care
6000005612,3305900000,Hair Care
6000005613,3305900000,Hair Care
6000005614,3305900000,Hair Care
6000005615,3305900000,Hair Care
6000005616,3305900000,Hair Care
6000005617,3305900000,Hair Care
6000005618,3305900000,Hair Care
6000005619,3305900000,Hair Care
6000005620,3305900000,Hair Care
6000005621,3305900000,Hair Care
6000005622,3305900000,Hair Care
6000005623,3305900000,Hair Care
6000005624,3305900000,Hair Care
6000005625,3305900000,Hair Care
6000005626,3305900000,Hair Care
6000005627,3305900000,Hair Care
6000005628,3305900000,Hair Care
6000005629,3305900000,Hair Care
6000005630,3305900000,Hair Care
6000005631,3305900000,Hair Care
6000005632,3305900000,Hair Care
6000005633,3305900000,Hair Care
6000005634,3305900000,Hair Care
6000005635,3305900000,Hair Care
6000005636,3305900000,Hair Care
6000005637,3305900000,Hair Care
6000005638,3305900000,Hair Care
6000005640,3304995000,Skin Care
6000005647,3304995000,Skin Care
6000005648,3304995000,Skin Care
6000005658,3304995000,Skin Care
6000005659,3304995000,Skin Care
6000005660,3304995000,Skin Care
6000005665,3304995000,Skin Care
6000005666,3304995000,Skin Care
6000005669,3304995000,Skin Care
6000005670,3305900000,Hair Care
6000005671,3305900000,Hair Care
6000005672,3305900000,Hair Care
6000005673,3305900000,Hair Care
6000005674,3305900000,Hair Care
6000005675,3305900000,Hair Care
6000005676,3305900000,Hair Care
6000005677,3305900000,Hair Care
6000005678,3305900000,Hair Care
6000005679,3305900000,Hair Care
6000005684,3305300000,Hair Care
6000005685,3305300000,Hair Care
6000005690,3305900000,Hair Care
6000005695,3305900000,Hair Care
6000005696,3305900000,Hair Care
6000005697,3305900000,Hair Care
6000005698,3305900000,Hair Care
6000005699,3305900000,Hair Care
6000005700,3305900000,Hair Care
6000005701,3305900000,Hair Care
6000005702,3305900000,Hair Care
6000005703,3305900000,Hair Care
6000005704,3305900000,Hair Care
6000005705,3305900000,Hair Care
6000005706,3305900000,Hair Care
6000005707,3305900000,Hair Care
6000005708,3305900000,Hair Care
6000005709,3305900000,Hair Care
6000005710,3305900000,Hair Care
6000005711,3305900000,Hair Care
6000005712,3305900000,Hair Care
6000005727,3305900000,Hair Care
6000005728,3305900000,Hair Care
6000005729,3305900000,Hair Care
6000005731,3305900000,Hair Care
6000005732,3305900000,Hair Care
6000005735,3305900000,Hair Care
6000005736,3305900000,Hair Care
6000005737,3305900000,Hair Care
6000005738,3305900000,Hair Care
6000005739,3305900000,Hair Care
6000005740,3305900000,Hair Care
6000005741,3305900000,Hair Care
6000005742,3305900000,Hair Care
6000005743,3305900000,Hair Care
6000005744,3305900000,Hair Care
6000005745,3305900000,Hair Care
6000005746,3305900000,Hair Care
6000005747,3305900000,Hair Care
6000005748,3305900000,Hair Care
6000005749,3305900000,Hair Care
6000005750,3305900000,Hair Care
6000005751,3305900000,Hair Care
6000005752,3305900000,Hair Care
6000005753,3305900000,Hair Care
6000005754,3305900000,Hair Care
6000005755,3304995000,Skin Care
6000005756,3305900000,Hair Care
6000005757,3304100000,Skin Care
6000005759,3304100000,Skin Care
6000005760,3304100000,Skin Care
6000005761,3304100000,Skin Care
6000005762,3304100000,Skin Care
6000005763,3304100000,Skin Care
6000005764,3304200000,Skin Care
6000005765,3304910050,Skin Care
6000005767,3305900000,Hair Care
6000005771,3304910050,Skin Care
6000005772,3304910050,Skin Care
6000005773,3304910050,Skin Care
6000005774,3304910050,Skin Care
6000005775,3304910050,Skin Care
6000005777,3304910050,Skin Care
6000005778,3304910050,Skin Care
6000005779,3304910050,Skin Care
6000005781,3304995000,Skin Care
6000005782,3304999090,Skin Care
6000005783,3304995000,Skin Care
6000005784,3304995000,Skin Care
6000005787,3304995000,Skin Care
6000005788,3304995000,Skin Care
6000005791,3304995000,Skin Care
6000005793,3305900000,Hair Care
6000005794,3305900000,Hair Care
6000005795,3305900000,Hair Care
6000005796,3305900000,Hair Care
6000005797,3305900000,Hair Care
6000005798,3305900000,Hair Care
6000005799,3305900000,Hair Care
6000005800,3305900000,Hair Care
6000005801,3305900000,Hair Care
6000005802,3305900000,Hair Care
6000005803,3305900000,Hair Care
6000005804,3305900000,Hair Care
6000005805,3305900000,Hair Care
6000005806,3305900000,Hair Care
6000005807,3305900000,Hair Care
6000005812,3305900000,Hair Care
6000005813,3305900000,Hair Care
6000005814,3305900000,Hair Care
6000005815,3305900000,Hair Care
6000005821,3304995000,Skin Care
6000005823,3305900000,Hair Care
6000005824,3305900000,Hair Care
6000005825,3305900000,Hair Care
6000005826,3305900000,Hair Care
6000005827,3305900000,Hair Care
6000005828,3305900000,Hair Care
6000005829,3305900000,Hair Care
6000005830,3305900000,Hair Care
6000005831,3305900000,Hair Care
6000005832,3305900000,Hair Care
6000005833,3304995000,Skin Care
6000005838,3305900000,Hair Care
6000005873,3305900000,Hair Care
6000005878,3305900000,Hair Care
6000005879,3305900000,Hair Care
6000005882,3305900000,Hair Care
6000005884,3305900000,Hair Care
6000005885,3305900000,Hair Care
6000005888,3304995000,Skin Care
6000005891,3304995000,Skin Care
6000005892,3304995000,Skin Care
6000005893,3304995000,Skin Care
6000005894,3305100000,Hair Care
6000005895,3305100000,Hair Care
6000005896,3304995000,Skin Care
6000005897,3304995000,Skin Care
6000005898,3304995000,Skin Care
6000005899,3304995000,Skin Care
6000005911,3305900000,Hair Care
6000005912,3305900000,Hair Care
6000005913,3305900000,Hair Care
6000005914,3305900000,Hair Care
6000005915,3305900000,Hair Care
6000005916,3305900000,Hair Care
6000005917,3305900000,Hair Care
6000005918,3305900000,Hair Care
6000005919,3305900000,Hair Care
6000005920,3305900000,Hair Care
6000005921,3305900000,Hair Care
6000005935,3305100000,Hair Care
6000005936,3305100000,Hair Care
6000005937,3304995000,Skin Care
6000005938,3305900000,Hair Care
6000005942,3305900000,Hair Care
6000005945,3305900000,Hair Care
6000005946,3305900000,Hair Care
6000005947,3305900000,Hair Care
6000005948,3305900000,Hair Care
6000005949,3305900000,Hair Care
6000005950,3305900000,Hair Care
6000005951,3305900000,Hair Care
6000005952,3305900000,Hair Care
6000005953,3305900000,Hair Care
6000005954,3305900000,Hair Care
6000005955,3305900000,Hair Care
6000005956,3305900000,Hair Care
6000005957,3305900000,Hair Care
6000005958,3305900000,Hair Care
6000005959,3305900000,Hair Care
6000005960,3305900000,Hair Care
6000005961,3305900000,Hair Care
6000005962,3305900000,Hair Care
6000005963,3305900000,Hair Care
6000005964,3305900000,Hair Care
6000005965,3305900000,Hair Care
6000005966,3305900000,Hair Care
6000005967,3305900000,Hair Care
6000005968,3305900000,Hair Care
6000005969,3305900000,Hair Care
6000005971,3304995000,Skin Care
6000005973,3304995000,Skin Care
6000005974,3304995000,Skin Care
6000005975,3305100000,Hair Care
6000005976,3305900000,Hair Care
6000005977,3305900000,Hair Care
6000005981,3305900000,Hair Care
6000005982,3305900000,Hair Care
6000005983,3305900000,Hair Care
6000005984,3305900000,Hair Care
6000005985,3305900000,Hair Care
6000005986,3305900000,Hair Care
6000005987,3305900000,Hair Care
6000005988,3305900000,Hair Care
6000005989,3305900000,Hair Care
6000005990,3305900000,Hair Care
6000005991,3305900000,Hair Care
6000005992,3305900000,Hair Care
6000005993,3305900000,Hair Care
6000005994,3305900000,Hair Care
6000005995,3305900000,Hair Care
6000005996,3305900000,Hair Care
6000005997,3305900000,Hair Care
6000005998,3305900000,Hair Care
6000005999,3305900000,Hair Care
6000006000,3305900000,Hair Care
6000006001,3305900000,Hair Care
6000006002,3305900000,Hair Care
6000006004,3304995000,Skin Care
6000006005,3304995000,Skin Care
6000006006,3304995000,Skin Care
6000006007,3304995000,Skin Care
6000006008,3305900000,Hair Care
6000006011,3305900000,Hair Care
6000006012,3305900000,Hair Care
6000006013,3305900000,Hair Care
6000006015,3305100000,Hair Care
6000006016,3305900000,Hair Care
6000006017,3304995000,Skin Care
6000006018,3305900000,Hair Care
6000006019,3305900000,Hair Care
6000006020,3305900000,Hair Care
6000006021,3305900000,Hair Care
6000006022,3305900000,Hair Care
6000006023,3305900000,Hair Care
6000006024,3305900000,Hair Care
6000006025,3305900000,Hair Care
6000006026,3305900000,Hair Care
6000006027,3305900000,Hair Care
6000006033,3305900000,Hair Care
6000006034,3305900000,Hair Care
6000006038,3305900000,Hair Care
6000006039,3305900000,Hair Care
6000006044,3305900000,Hair Care
6000006045,3305900000,Hair Care
6000006046,3305900000,Hair Care
6000006051,3305900000,Hair Care
6000006056,3305900000,Hair Care
6000006057,3305900000,Hair Care
6000006059,3305900000,Hair Care
6000006067,3305900000,Hair Care
6000006076,3305900000,Hair Care
6000006077,3305100000,Hair Care
6000006086,3305900000,Hair Care
6000006087,3305900000,Hair Care
6000006088,3305900000,Hair Care
6000006089,3305900000,Hair Care
6000006090,3305900000,Hair Care
6000006091,3305900000,Hair Care
6000006092,3305900000,Hair Care
6000006093,3305900000,Hair Care
6000006094,3305900000,Hair Care
6000006095,3305900000,Hair Care
6000006096,3305900000,Hair Care
6000006097,3305900000,Hair Care
6000006098,3305900000,Hair Care
6000006099,3305900000,Hair Care
6000006100,3305900000,Hair Care
6000006101,3305900000,Hair Care
6000006102,3305900000,Hair Care
6000006103,3305900000,Hair Care
6000006104,3305900000,Hair Care
6000006105,3305900000,Hair Care
6000006106,3305900000,Hair Care
6000006107,3305900000,Hair Care
6000006108,3305900000,Hair Care
6000006109,3305900000,Hair Care
6000006110,3305900000,Hair Care
6000006111,3305900000,Hair Care
6000006112,3305900000,Hair Care
6000006116,3305100000,Hair Care
6000006117,3305100000,Hair Care
6000006118,3305100000,Hair Care
6000006119,3305900000,Hair Care
6000006120,3305900000,Hair Care
6000006121,3305900000,Hair Care
6000006122,3305900000,Hair Care
6000006125,3305900000,Hair Care
6000006126,3305900000,Hair Care
6000006127,3305900000,Hair Care
6000006128,3305900000,Hair Care
6000006129,3305900000,Hair Care
6000006130,3305900000,Hair Care
6000006131,3305900000,Hair Care
6000006132,3305900000,Hair Care
6000006133,3305900000,Hair Care
6000006134,3305900000,Hair Care
6000006135,3305900000,Hair Care
6000006150,3305900000,Hair Care
6000006151,3305900000,Hair Care
6000006152,3305900000,Hair Care
6000006153,3305900000,Hair Care
6000006160,3305900000,Hair Care
6000006171,3305900000,Hair Care
6000006172,3305900000,Hair Care
6000006181,3305900000,Hair Care
6000006182,3305900000,Hair Care
6000006183,3305900000,Hair Care
6000006208,3305900000,Hair Care
6000006209,3305900000,Hair Care
6000006210,3305900000,Hair Care
6000006211,3305900000,Hair Care
6000006212,3305900000,Hair Care
6000006213,3305900000,Hair Care
6000006214,3305900000,Hair Care
6000006215,3305900000,Hair Care
6000006216,3305900000,Hair Care
6000006217,3305900000,Hair Care
6000006218,3305900000,Hair Care
6000006219,3305900000,Hair Care
6000006220,3305900000,Hair Care
6000006221,3305900000,Hair Care
6000006222,3305900000,Hair Care
6000006223,3305900000,Hair Care
6000006225,3305900000,Hair Care
6000006227,3305900000,Hair Care
6000006229,3305900000,Hair Care
6000006230,3305900000,Hair Care
6000006232,3305900000,Hair Care
6000006233,3305900000,Hair Care
6000006234,3305900000,Hair Care
6000006236,3305900000,Hair Care
6000006237,3305900000,Hair Care
6000006238,3305900000,Hair Care
6000006239,3305900000,Hair Care
6000006240,3305900000,Hair Care
6000006241,3305900000,Hair Care
6000006242,3305900000,Hair Care
6000006243,3305900000,Hair Care
6000006251,3305300000,Hair Care
6000006253,3305900000,Hair Care
6000006254,3305900000,Hair Care
6000006255,3305900000,Hair Care
6000006256,3305900000,Hair Care
6000006257,3305900000,Hair Care
6000006259,3305900000,Hair Care
6000006260,3305900000,Hair Care
6000006261,3305900000,Hair Care
6000006262,3305900000,Hair Care
6000006263,3305900000,Hair Care
6000006264,3305900000,Hair Care
6000006265,3305900000,Hair Care
6000006266,3305900000,Hair Care
6000006267,3305900000,Hair Care
6000006268,3305900000,Hair Care
6000006269,3305900000,Hair Care
6000006270,3305900000,Hair Care
6000006271,3305900000,Hair Care
6000006278,3304995000,Skin Care
6000006291,3305900000,Hair Care
6000006292,3305900000,Hair Care
6000006295,3305900000,Hair Care
6000006296,3305900000,Hair Care
6000006297,3305900000,Hair Care
6000006298,3305900000,Hair Care
6000006299,3305900000,Hair Care
6000006304,3305900000,Hair Care
6000006305,3305900000,Hair Care
6000006306,3305900000,Hair Care
8510000161,6109100021,Cotton T-shirts
8510000162,6109100021,Cotton T-shirts
8510000163,6109100021,Cotton T-shirts
8510000164,6109100021,Cotton T-shirts
8510000165,6109100021,Cotton T-shirts
8510000174,6110209900,Knitted Apparel
8510000181,6104620000,Womens Apparel
8510000183,6104620000,Womens Apparel
8510000184,6104620000,Womens Apparel
8510000191,6109091090,Cotton T-shirts
8510000192,6109091090,Cotton T-shirts
8510000193,6109091090,Cotton T-shirts
8510000194,6109091090,Cotton T-shirts
8510000211,6110209900,Knitted Apparel
8510000222,6203439090,Mens Apparel
8510000224,6203439090,Mens Apparel
8510000254,6109091090,Cotton T-shirts
8510000261,6109091090,Cotton T-shirts
8510000262,6109091090,Cotton T-shirts
8510000263,6109091090,Cotton T-shirts
8510000264,6109091090,Cotton T-shirts
8520000013,6103330000,Mens Apparel
8520000014,6103330000,Mens Apparel
8530000071,6204329090,Womens Apparel
8530000073,6204329090,Womens Apparel
8530000083,6110209900,Knitted Apparel
8550000007,7319909000,Sewing Needles
8550000013,4202920000,Travel Cases
8550000017,6912004400,Ceramic Tableware
8550000018,6912004400,Ceramic Tableware
8550000028,4202920000,Travel Cases
8550000029,3918901000,Floor Coverings
8550000030,3919909000,Adhesive Plastic
8550000031,3919909000,Adhesive Plastic
8550000032,3919909000,Adhesive Plastic
8550000034,6307909800,Textile Goods
8550000077,4202221500,Travel Cases
8550000079,6117803010,Apparel Accessories
8550000081,3926201050,Plastic Goods
",",4819200040,Paper Boxes
6000004915,3304995000,Skin Care
3000000572,4202210000,Travel Cases
6000001007,3305900000,Hair Care
6000001002,3304991000,Skin Care
6000001039,3304995000,Skin Care
6000001765,3305900000,Hair Care
6000006352,3305100000,Hair Care
2500000440,3304995000,Skin Care
2500000457,3304995000,Skin Care
2500000445,3304995000,Skin Care
2500000444,3304995000,Skin Care
2500000458,3304995000,Skin Care
2500000442,3304995000,Skin Care
2500000462,3304995000,Skin Care
2500000456,3304995000,Skin Care
2000002515,4821100000,Paper Labels
2000002516,4821100000,Paper Labels
2000002517,4821100000,Paper Labels
2000002518,4821100000,Paper Labels
2000002519,4821100000,Paper Labels
2000002520,4821100000,Paper Labels
2000002521,4821100000,Paper Labels
2000002522,4821100000,Paper Labels
2000002523,4821100000,Paper Labels
2000002524,4821100000,Paper Labels
2000002525,4821100000,Paper Labels
2000002526,4821100000,Paper Labels
2000002527,4821100000,Paper Labels
2000002528,4821100000,Paper Labels
2000002529,4821100000,Paper Labels
2000002530,4821100000,Paper Labels
2000002531,4821100000,Paper Labels
2000002533,4821100000,Paper Labels
2000002534,4821100000,Paper Labels
2000002549,4821100000,Paper Labels
2000002532,4821100000,Paper Labels
6000006456,3305100000,Hair Care
6000006457,3305100000,Hair Care
3000000905,6211430091,Track Suits
3000000903,9615196000,Hair Accessories
3000000904,9615196000,Hair Accessories
6000006079,3304100000,Skin Care
6000006452,3305100000,Hair Care
overlabels,4821102000,Paper Labels
6000006433,3305900000,Hair Care
6000007066,3305300000,Hair Care
Shipper boxes,48191000,Paper Boxes
6000007032,3304995000,Skin Care
